[33m2026-07-28 05:09:03.991 WARNING (SyncWorker_0) [homeassistant.loader] We found a custom integration rss_podcast_journal which has not been tested by Home Assistant. This component might cause stability problems, be sure to disable it if you experience issues with Home Assistant[0m
[33m2026-07-28 05:09:04.089 WARNING (MainThread) [aiohttp_fast_zlib] zlib_ng and isal are not available, falling back to zlib, performance will be degraded.[0m
[32m2026-07-28 05:09:04.097 INFO (MainThread) [homeassistant.setup] Setup of domain system_log took 0.01 seconds[0m
[32m2026-07-28 05:09:04.097 INFO (MainThread) [homeassistant.setup] Setup of domain http took 0.01 seconds[0m
[32m2026-07-28 05:09:04.098 INFO (MainThread) [homeassistant.setup] Setting up websocket_api[0m
[32m2026-07-28 05:09:04.098 INFO (MainThread) [homeassistant.setup] Setup of domain websocket_api took 0.00 seconds[0m
[32m2026-07-28 05:09:04.098 INFO (MainThread) [homeassistant.setup] Setup of domain logger took 0.01 seconds[0m
[32m2026-07-28 05:09:04.098 INFO (MainThread) [homeassistant.setup] Setting up network[0m
[32m2026-07-28 05:09:04.099 INFO (MainThread) [homeassistant.setup] Setup of domain network took 0.00 seconds[0m
[32m2026-07-28 05:09:04.099 INFO (MainThread) [homeassistant.bootstrap] Setting up stage labs: {'labs'}; already set up: {}
Dependencies: {}; already set up: {}[0m
[32m2026-07-28 05:09:04.099 INFO (MainThread) [homeassistant.setup] Setting up labs[0m
[32m2026-07-28 05:09:04.100 INFO (MainThread) [homeassistant.setup] Setup of domain labs took 0.00 seconds[0m
[32m2026-07-28 05:09:04.100 INFO (MainThread) [homeassistant.bootstrap] Setting up stage frontend: {'frontend'}; already set up: {}
Dependencies: {'lovelace', 'api', 'config', 'diagnostics', 'onboarding', 'auth', 'file_upload', 'search', 'device_automation', 'repairs'}; already set up: {'system_log', 'http', 'websocket_api'}[0m
[32m2026-07-28 05:09:04.101 INFO (MainThread) [homeassistant.setup] Setting up auth[0m
[32m2026-07-28 05:09:04.101 INFO (MainThread) [homeassistant.setup] Setup of domain auth took 0.00 seconds[0m
[32m2026-07-28 05:09:04.101 INFO (MainThread) [homeassistant.setup] Setting up onboarding[0m
[32m2026-07-28 05:09:04.101 INFO (MainThread) [homeassistant.setup] Setup of domain onboarding took 0.00 seconds[0m
[32m2026-07-28 05:09:04.102 INFO (MainThread) [homeassistant.setup] Setting up lovelace[0m
[32m2026-07-28 05:09:04.103 INFO (MainThread) [homeassistant.setup] Setting up api[0m
[32m2026-07-28 05:09:04.104 INFO (MainThread) [homeassistant.setup] Setup of domain api took 0.00 seconds[0m
[32m2026-07-28 05:09:04.104 INFO (MainThread) [homeassistant.setup] Setting up config[0m
[32m2026-07-28 05:09:04.105 INFO (MainThread) [homeassistant.setup] Setup of domain config took 0.00 seconds[0m
[32m2026-07-28 05:09:04.105 INFO (MainThread) [homeassistant.setup] Setting up diagnostics[0m
[32m2026-07-28 05:09:04.106 INFO (MainThread) [homeassistant.setup] Setup of domain diagnostics took 0.00 seconds[0m
[32m2026-07-28 05:09:04.106 INFO (MainThread) [homeassistant.setup] Setting up file_upload[0m
[32m2026-07-28 05:09:04.106 INFO (MainThread) [homeassistant.setup] Setup of domain file_upload took 0.00 seconds[0m
[32m2026-07-28 05:09:04.107 INFO (MainThread) [homeassistant.setup] Setting up search[0m
[32m2026-07-28 05:09:04.107 INFO (MainThread) [homeassistant.setup] Setup of domain search took 0.00 seconds[0m
[32m2026-07-28 05:09:04.107 INFO (MainThread) [homeassistant.setup] Setting up device_automation[0m
[32m2026-07-28 05:09:04.107 INFO (MainThread) [homeassistant.setup] Setup of domain device_automation took 0.00 seconds[0m
[32m2026-07-28 05:09:04.109 INFO (MainThread) [homeassistant.setup] Setting up repairs[0m
[32m2026-07-28 05:09:04.109 INFO (MainThread) [homeassistant.setup] Setup of domain repairs took 0.00 seconds[0m
[32m2026-07-28 05:09:04.110 INFO (MainThread) [homeassistant.setup] Setup of domain lovelace took 0.01 seconds[0m
[32m2026-07-28 05:09:04.110 INFO (MainThread) [homeassistant.setup] Setting up frontend[0m
[32m2026-07-28 05:09:04.112 INFO (MainThread) [homeassistant.setup] Setup of domain frontend took 0.00 seconds[0m
[32m2026-07-28 05:09:04.113 INFO (MainThread) [homeassistant.bootstrap] Setting up stage recorder: {'recorder'}; already set up: {}
Dependencies: {}; already set up: {}[0m
[32m2026-07-28 05:09:04.113 INFO (MainThread) [homeassistant.setup] Setting up recorder[0m
[32m2026-07-28 05:09:04.114 INFO (MainThread) [asyncio] <Server sockets=(<asyncio.TransportSocket fd=10, family=2, type=1, proto=6, laddr=('0.0.0.0', 8123)>, <asyncio.TransportSocket fd=11, family=10, type=1, proto=6, laddr=('::', 8123, 0, 0)>)> is serving[0m
[32m2026-07-28 05:09:04.115 INFO (MainThread) [homeassistant.components.http] Now listening on port 8123[0m
[32m2026-07-28 05:09:04.115 INFO (MainThread) [homeassistant.setup] Setup of domain http took 0.00 seconds[0m
[32m2026-07-28 05:09:04.127 INFO (MainThread) [homeassistant.setup] Setup of domain recorder took 0.01 seconds[0m
[32m2026-07-28 05:09:04.127 INFO (MainThread) [homeassistant.bootstrap] Nothing to set up in stage debugger: {'debugpy'}[0m
[32m2026-07-28 05:09:04.127 INFO (MainThread) [homeassistant.bootstrap] Setting up stage zeroconf: {'zeroconf'}; already set up: {}
Dependencies: {}; already set up: {'http', 'network', 'api', 'websocket_api'}[0m
[32m2026-07-28 05:09:04.128 INFO (MainThread) [homeassistant.setup] Setting up zeroconf[0m
[32m2026-07-28 05:09:04.129 INFO (MainThread) [homeassistant.components.zeroconf] Starting Zeroconf broadcast[0m
[32m2026-07-28 05:09:04.129 INFO (MainThread) [homeassistant.setup] Setup of domain zeroconf took 0.00 seconds[0m
[32m2026-07-28 05:09:04.129 INFO (MainThread) [homeassistant.bootstrap] Setting up stage 1: {'usb', 'ssdp', 'dhcp', 'bluetooth', 'cloud'}; already set up: {}
Dependencies: {'stt', 'web_rtc', 'intent', 'conversation', 'media_player', 'assist_pipeline', 'wake_word', 'tts', 'backup', 'webhook', 'ffmpeg'}; already set up: {'http', 'network', 'auth', 'repairs', 'websocket_api'}[0m
[32m2026-07-28 05:09:04.131 INFO (MainThread) [homeassistant.setup] Setting up media_player[0m
[32m2026-07-28 05:09:04.132 INFO (MainThread) [homeassistant.setup] Setup of domain media_player took 0.00 seconds[0m
[32m2026-07-28 05:09:04.142 INFO (MainThread) [homeassistant.setup] Setting up backup[0m
[32m2026-07-28 05:09:04.145 INFO (MainThread) [homeassistant.setup] Setting up webhook[0m
[32m2026-07-28 05:09:04.145 INFO (MainThread) [homeassistant.setup] Setup of domain webhook took 0.00 seconds[0m
[32m2026-07-28 05:09:04.150 INFO (MainThread) [homeassistant.setup] Setting up intent[0m
[32m2026-07-28 05:09:04.151 INFO (MainThread) [homeassistant.setup] Setup of domain intent took 0.00 seconds[0m
[32m2026-07-28 05:09:04.152 INFO (MainThread) [homeassistant.setup] Setting up ffmpeg[0m
[32m2026-07-28 05:09:04.155 INFO (MainThread) [homeassistant.setup] Setting up stt[0m
[32m2026-07-28 05:09:04.156 INFO (MainThread) [homeassistant.setup] Setup of domain stt took 0.00 seconds[0m
[32m2026-07-28 05:09:04.157 INFO (MainThread) [homeassistant.setup] Setting up wake_word[0m
[32m2026-07-28 05:09:04.157 INFO (MainThread) [homeassistant.setup] Setup of domain wake_word took 0.00 seconds[0m
[32m2026-07-28 05:09:04.163 INFO (MainThread) [homeassistant.setup] Setup of domain backup took 0.02 seconds[0m
[32m2026-07-28 05:09:04.166 INFO (MainThread) [asyncio] execute program 'ffmpeg': <_UnixSubprocessTransport pid=3124 running stdin=<_UnixWritePipeTransport fd=17 idle bufsize=0> stdout=<_UnixReadPipeTransport fd=18 polling>>[0m
[31m2026-07-28 05:09:04.168 ERROR (MainThread) [homeassistant.setup] Setup failed for 'usb': Unable to import component: No module named 'aioesphomeapi'
Traceback (most recent call last):
  File "/usr/local/python/current/lib/python3.14/site-packages/homeassistant/setup.py", line 341, in _async_setup_component
    component = await integration.async_get_component()
                ^^^^^^^^^^^^^^^^^^^^^^^^^^^^^^^^^^^^^^^
  File "/usr/local/python/current/lib/python3.14/site-packages/homeassistant/loader.py", line 1042, in async_get_component
    self._component_future.result()
    ~~~~~~~~~~~~~~~~~~~~~~~~~~~~~^^
  File "/usr/local/python/current/lib/python3.14/site-packages/homeassistant/loader.py", line 1022, in async_get_component
    comp = await self.hass.async_add_import_executor_job(
           ^^^^^^^^^^^^^^^^^^^^^^^^^^^^^^^^^^^^^^^^^^^^^^
        self._get_component, True
        ^^^^^^^^^^^^^^^^^^^^^^^^^
    )
    ^
  File "/usr/local/python/current/lib/python3.14/concurrent/futures/thread.py", line 86, in run
    result = ctx.run(self.task)
  File "/usr/local/python/current/lib/python3.14/concurrent/futures/thread.py", line 73, in run
    return fn(*args, **kwargs)
  File "/usr/local/python/current/lib/python3.14/site-packages/homeassistant/loader.py", line 1082, in _get_component
    ComponentProtocol, importlib.import_module(self.pkg_path)
                       ~~~~~~~~~~~~~~~~~~~~~~~^^^^^^^^^^^^^^^
  File "/usr/local/python/current/lib/python3.14/site-packages/homeassistant/util/loop.py", line 201, in protected_loop_func
    return func(*args, **kwargs)
  File "/usr/local/python/current/lib/python3.14/importlib/__init__.py", line 88, in import_module
    return _bootstrap._gcd_import(name[level:], package, level)
           ~~~~~~~~~~~~~~~~~~~~~~^^^^^^^^^^^^^^^^^^^^^^^^^^^^^^
  File "<frozen importlib._bootstrap>", line 1406, in _gcd_import
  File "<frozen importlib._bootstrap>", line 1371, in _find_and_load
  File "<frozen importlib._bootstrap>", line 1342, in _find_and_load_unlocked
  File "<frozen importlib._bootstrap>", line 938, in _load_unlocked
  File "<frozen importlib._bootstrap_external>", line 759, in exec_module
  File "<frozen importlib._bootstrap>", line 491, in _call_with_frames_removed
  File "/usr/local/python/current/lib/python3.14/site-packages/homeassistant/components/usb/__init__.py", line 36, in <module>
    from .serial_proxy_stub import register_serialx_transport
  File "/usr/local/python/current/lib/python3.14/site-packages/homeassistant/components/usb/serial_proxy_stub.py", line 6, in <module>
    from serialx.platforms.serial_esphome import ESPHomeSerial, ESPHomeSerialTransport
  File "/home/vscode/.local/lib/python3.14/site-packages/serialx/platforms/serial_esphome.py", line 36, in <module>
    from aioesphomeapi.client import APIClient
ModuleNotFoundError: No module named 'aioesphomeapi'[0m
[32m2026-07-28 05:09:04.170 INFO (MainThread) [homeassistant.setup] Setting up web_rtc[0m
[32m2026-07-28 05:09:04.171 INFO (MainThread) [homeassistant.setup] Setup of domain web_rtc took 0.00 seconds[0m
[31m2026-07-28 05:09:04.171 ERROR (MainThread) [homeassistant.setup] Unable to set up dependencies of 'bluetooth'. Setup failed for dependencies: ['usb'][0m
[31m2026-07-28 05:09:04.171 ERROR (MainThread) [homeassistant.setup] Setup failed for 'bluetooth': Could not setup dependencies: usb[0m
[32m2026-07-28 05:09:04.200 INFO (MainThread) [asyncio] <_UnixReadPipeTransport fd=18 polling> was closed by peer[0m
[32m2026-07-28 05:09:04.200 INFO (MainThread) [asyncio] <_UnixSubprocessTransport pid=3124 running stdin=<_UnixWritePipeTransport closed fd=17 closed> stdout=<_UnixReadPipeTransport closed fd=18 closed>> exited with return code 0[0m
[32m2026-07-28 05:09:04.201 INFO (MainThread) [homeassistant.setup] Setup of domain ffmpeg took 0.05 seconds[0m
[32m2026-07-28 05:09:04.221 INFO (MainThread) [homeassistant.setup] Setting up dhcp[0m
[32m2026-07-28 05:09:04.221 INFO (MainThread) [homeassistant.setup] Setup of domain dhcp took 0.00 seconds[0m
[32m2026-07-28 05:09:04.231 INFO (MainThread) [homeassistant.setup] Setting up ssdp[0m
[32m2026-07-28 05:09:04.243 INFO (MainThread) [homeassistant.setup] Setup of domain ssdp took 0.01 seconds[0m
[32m2026-07-28 05:09:04.256 INFO (MainThread) [homeassistant.setup] Setting up conversation[0m
[32m2026-07-28 05:09:04.257 INFO (MainThread) [homeassistant.setup] Setup of domain conversation took 0.00 seconds[0m
[32m2026-07-28 05:09:04.266 INFO (MainThread) [homeassistant.setup] Setting up tts[0m
[32m2026-07-28 05:09:04.268 INFO (MainThread) [homeassistant.setup] Setting up event[0m
[32m2026-07-28 05:09:04.334 INFO (MainThread) [homeassistant.setup] Setup of domain event took 0.00 seconds[0m
[32m2026-07-28 05:09:04.337 INFO (MainThread) [homeassistant.components.event] Setting up backup.event[0m
[32m2026-07-28 05:09:04.340 INFO (MainThread) [homeassistant.setup] Setting up sensor[0m
[32m2026-07-28 05:09:04.340 INFO (MainThread) [homeassistant.setup] Setup of domain sensor took 0.00 seconds[0m
[32m2026-07-28 05:09:04.340 INFO (MainThread) [homeassistant.components.sensor] Setting up backup.sensor[0m
[32m2026-07-28 05:09:04.344 INFO (MainThread) [homeassistant.setup] Setup of domain tts took 0.08 seconds[0m
[32m2026-07-28 05:09:04.364 INFO (MainThread) [homeassistant.setup] Setting up assist_pipeline[0m
[32m2026-07-28 05:09:04.365 INFO (MainThread) [homeassistant.setup] Setup of domain assist_pipeline took 0.00 seconds[0m
[32m2026-07-28 05:09:04.468 INFO (MainThread) [homeassistant.setup] Setting up cloud[0m
[32m2026-07-28 05:09:04.470 INFO (MainThread) [homeassistant.setup] Setup of domain cloud took 0.00 seconds[0m
[32m2026-07-28 05:09:04.472 INFO (MainThread) [homeassistant.bootstrap] Setting up stage 2: {'moisture', 'notify', 'lock', 'google_translate', 'window', 'sun', 'brands', 'input_button', 'vacuum', 'device_tracker', 'humidifier', 'zone', 'image_processing', 'input_number', 'battery', 'select', 'gate', 'rss_podcast_journal', 'radio_browser', 'ai_task', 'cover', 'occupancy', 'infrared', 'default_config', 'alarm_control_panel', 'switch', 'hardware', 'timer', 'button', 'date', 'automation', 'tag', 'light', 'application_credentials', 'fan', 'analytics', 'door', 'system_health', 'illuminance', 'lawn_mower', 'time', 'motion', 'water_heater', 'input_select', 'person', 'binary_sensor', 'update', 'temperature', 'script', 'humidity', 'schedule', 'scene', 'shopping_list', 'image', 'radio_frequency', 'weather', 'geo_location', 'counter', 'power', 'assist_satellite', 'input_datetime', 'camera', 'input_text', 'climate', 'garage_door', 'remote', 'number', 'siren', 'valve', 'input_boolean', 'air_quality', 'datetime', 'text'}; already set up: {'stt', 'network', 'logger', 'sensor', 'labs', 'conversation', 'media_player', 'homeassistant', 'wake_word', 'event', 'tts', 'backup', 'frontend'}
Dependencies: {'homeassistant_alerts', 'trace', 'my', 'file', 'usb', 'blueprint', 'mobile_app', 'image_upload', 'stream', 'history', 'usage_prediction', 'logbook', 'energy', 'media_source', 'bluetooth', 'go2rtc'}; already set up: {'lovelace', 'http', 'api', 'web_rtc', 'dhcp', 'search', 'tts', 'backup', 'ffmpeg', 'system_log', 'stt', 'network', 'ssdp', 'config', 'webhook', 'intent', 'recorder', 'assist_pipeline', 'repairs', 'device_automation', 'diagnostics', 'media_player', 'conversation', 'cloud', 'onboarding', 'auth', 'file_upload', 'wake_word', 'zeroconf', 'frontend', 'websocket_api'}[0m
[32m2026-07-28 05:09:04.472 INFO (MainThread) [homeassistant.setup] Setting up notify[0m
[32m2026-07-28 05:09:04.472 INFO (MainThread) [homeassistant.setup] Setup of domain notify took 0.00 seconds[0m
[32m2026-07-28 05:09:04.473 INFO (MainThread) [homeassistant.setup] Setting up vacuum[0m
[32m2026-07-28 05:09:04.473 INFO (MainThread) [homeassistant.setup] Setup of domain vacuum took 0.00 seconds[0m
[32m2026-07-28 05:09:04.474 INFO (MainThread) [homeassistant.setup] Setting up humidifier[0m
[32m2026-07-28 05:09:04.474 INFO (MainThread) [homeassistant.setup] Setup of domain humidifier took 0.00 seconds[0m
[32m2026-07-28 05:09:04.476 INFO (MainThread) [homeassistant.setup] Setting up select[0m
[32m2026-07-28 05:09:04.477 INFO (MainThread) [homeassistant.setup] Setup of domain select took 0.00 seconds[0m
[32m2026-07-28 05:09:04.478 INFO (MainThread) [homeassistant.setup] Setting up cover[0m
[32m2026-07-28 05:09:04.478 INFO (MainThread) [homeassistant.setup] Setup of domain cover took 0.00 seconds[0m
[32m2026-07-28 05:09:04.480 INFO (MainThread) [homeassistant.setup] Setting up alarm_control_panel[0m
[32m2026-07-28 05:09:04.480 INFO (MainThread) [homeassistant.setup] Setup of domain alarm_control_panel took 0.00 seconds[0m
[32m2026-07-28 05:09:04.481 INFO (MainThread) [homeassistant.setup] Setting up switch[0m
[32m2026-07-28 05:09:04.483 INFO (MainThread) [homeassistant.setup] Setup of domain switch took 0.00 seconds[0m
[32m2026-07-28 05:09:04.486 INFO (MainThread) [homeassistant.setup] Setting up button[0m
[32m2026-07-28 05:09:04.486 INFO (MainThread) [homeassistant.setup] Setup of domain button took 0.00 seconds[0m
[32m2026-07-28 05:09:04.488 INFO (MainThread) [homeassistant.setup] Setting up light[0m
[32m2026-07-28 05:09:04.490 INFO (MainThread) [homeassistant.setup] Setup of domain light took 0.00 seconds[0m
[32m2026-07-28 05:09:04.491 INFO (MainThread) [homeassistant.setup] Setting up lawn_mower[0m
[32m2026-07-28 05:09:04.492 INFO (MainThread) [homeassistant.setup] Setup of domain lawn_mower took 0.00 seconds[0m
[32m2026-07-28 05:09:04.493 INFO (MainThread) [homeassistant.setup] Setting up water_heater[0m
[32m2026-07-28 05:09:04.494 INFO (MainThread) [homeassistant.setup] Setup of domain water_heater took 0.00 seconds[0m
[32m2026-07-28 05:09:04.499 INFO (MainThread) [homeassistant.setup] Setting up camera[0m
[32m2026-07-28 05:09:04.501 INFO (MainThread) [homeassistant.setup] Setup of domain camera took 0.00 seconds[0m
[32m2026-07-28 05:09:04.502 INFO (MainThread) [homeassistant.setup] Setting up climate[0m
[32m2026-07-28 05:09:04.503 INFO (MainThread) [homeassistant.setup] Setup of domain climate took 0.00 seconds[0m
[32m2026-07-28 05:09:04.505 INFO (MainThread) [homeassistant.setup] Setting up valve[0m
[32m2026-07-28 05:09:04.505 INFO (MainThread) [homeassistant.setup] Setup of domain valve took 0.00 seconds[0m
[32m2026-07-28 05:09:04.510 INFO (MainThread) [homeassistant.setup] Setting up lock[0m
[32m2026-07-28 05:09:04.510 INFO (MainThread) [homeassistant.setup] Setup of domain lock took 0.00 seconds[0m
[32m2026-07-28 05:09:04.512 INFO (MainThread) [homeassistant.setup] Setting up zone[0m
[32m2026-07-28 05:09:04.513 INFO (MainThread) [homeassistant.setup] Setup of domain zone took 0.00 seconds[0m
[32m2026-07-28 05:09:04.515 INFO (MainThread) [homeassistant.setup] Setting up device_tracker[0m
[32m2026-07-28 05:09:04.518 INFO (MainThread) [homeassistant.setup] Setup of domain device_tracker took 0.00 seconds[0m
[32m2026-07-28 05:09:04.518 INFO (MainThread) [homeassistant.setup] Setting up image_processing[0m
[32m2026-07-28 05:09:04.518 INFO (MainThread) [homeassistant.setup] Setup of domain image_processing took 0.00 seconds[0m
[32m2026-07-28 05:09:04.519 INFO (MainThread) [homeassistant.setup] Setting up media_source[0m
[32m2026-07-28 05:09:04.521 INFO (MainThread) [homeassistant.setup] Setup of domain media_source took 0.00 seconds[0m
[32m2026-07-28 05:09:04.522 INFO (MainThread) [homeassistant.setup] Setting up fan[0m
[32m2026-07-28 05:09:04.523 INFO (MainThread) [homeassistant.setup] Setup of domain fan took 0.00 seconds[0m
[32m2026-07-28 05:09:04.525 INFO (MainThread) [homeassistant.setup] Setting up binary_sensor[0m
[32m2026-07-28 05:09:04.525 INFO (MainThread) [homeassistant.setup] Setup of domain binary_sensor took 0.00 seconds[0m
[32m2026-07-28 05:09:04.525 INFO (MainThread) [homeassistant.setup] Setting up scene[0m
[32m2026-07-28 05:09:04.526 INFO (MainThread) [homeassistant.components.scene] Setting up homeassistant.scene[0m
[32m2026-07-28 05:09:04.527 INFO (MainThread) [homeassistant.setup] Setup of domain scene took 0.00 seconds[0m
[32m2026-07-28 05:09:04.533 INFO (MainThread) [homeassistant.setup] Setting up weather[0m
[32m2026-07-28 05:09:04.534 INFO (MainThread) [homeassistant.setup] Setup of domain weather took 0.00 seconds[0m
[32m2026-07-28 05:09:04.536 INFO (MainThread) [homeassistant.setup] Setting up remote[0m
[32m2026-07-28 05:09:04.537 INFO (MainThread) [homeassistant.setup] Setup of domain remote took 0.00 seconds[0m
[32m2026-07-28 05:09:04.539 INFO (MainThread) [homeassistant.setup] Setting up number[0m
[32m2026-07-28 05:09:04.540 INFO (MainThread) [homeassistant.setup] Setup of domain number took 0.00 seconds[0m
[32m2026-07-28 05:09:04.549 INFO (MainThread) [homeassistant.setup] Setting up input_button[0m
[32m2026-07-28 05:09:04.550 INFO (MainThread) [homeassistant.setup] Setup of domain input_button took 0.00 seconds[0m
[32m2026-07-28 05:09:04.551 INFO (MainThread) [homeassistant.setup] Setting up logbook[0m
[32m2026-07-28 05:09:04.552 INFO (MainThread) [homeassistant.setup] Setup of domain logbook took 0.00 seconds[0m
[32m2026-07-28 05:09:04.552 INFO (MainThread) [homeassistant.setup] Setting up input_number[0m
[32m2026-07-28 05:09:04.553 INFO (MainThread) [homeassistant.setup] Setup of domain input_number took 0.00 seconds[0m
[32m2026-07-28 05:09:04.560 INFO (MainThread) [homeassistant.setup] Setting up image_upload[0m
[32m2026-07-28 05:09:04.561 INFO (MainThread) [homeassistant.setup] Setup of domain image_upload took 0.00 seconds[0m
[32m2026-07-28 05:09:04.563 INFO (MainThread) [homeassistant.setup] Setting up history[0m
[32m2026-07-28 05:09:04.563 INFO (MainThread) [homeassistant.setup] Setup of domain history took 0.00 seconds[0m
[32m2026-07-28 05:09:04.568 INFO (MainThread) [homeassistant.setup] Setting up person[0m
[32m2026-07-28 05:09:04.571 INFO (MainThread) [homeassistant.setup] Setting up stream[0m
[32m2026-07-28 05:09:04.580 INFO (MainThread) [homeassistant.setup] Setting up blueprint[0m
[32m2026-07-28 05:09:04.580 INFO (MainThread) [homeassistant.setup] Setup of domain blueprint took 0.00 seconds[0m
[32m2026-07-28 05:09:04.581 INFO (MainThread) [homeassistant.setup] Setting up trace[0m
[32m2026-07-28 05:09:04.582 INFO (MainThread) [homeassistant.setup] Setup of domain trace took 0.00 seconds[0m
[32m2026-07-28 05:09:04.584 INFO (MainThread) [homeassistant.setup] Setting up automation[0m
[32m2026-07-28 05:09:04.596 INFO (MainThread) [homeassistant.setup] Setup of domain automation took 0.01 seconds[0m
[32m2026-07-28 05:09:04.605 INFO (MainThread) [homeassistant.setup] Setting up timer[0m
[32m2026-07-28 05:09:04.607 INFO (MainThread) [homeassistant.setup] Setup of domain timer took 0.00 seconds[0m
[32m2026-07-28 05:09:04.611 INFO (MainThread) [homeassistant.setup] Setting up system_health[0m
[32m2026-07-28 05:09:04.612 INFO (MainThread) [homeassistant.setup] Setup of domain system_health took 0.00 seconds[0m
[32m2026-07-28 05:09:04.614 INFO (MainThread) [homeassistant.setup] Setting up input_select[0m
[32m2026-07-28 05:09:04.616 INFO (MainThread) [homeassistant.setup] Setup of domain input_select took 0.00 seconds[0m
[32m2026-07-28 05:09:04.617 INFO (MainThread) [homeassistant.setup] Setting up script[0m
[32m2026-07-28 05:09:04.618 INFO (MainThread) [homeassistant.setup] Setup of domain script took 0.00 seconds[0m
[32m2026-07-28 05:09:04.620 INFO (MainThread) [homeassistant.setup] Setting up input_text[0m
[32m2026-07-28 05:09:04.621 INFO (MainThread) [homeassistant.setup] Setup of domain input_text took 0.00 seconds[0m
[32m2026-07-28 05:09:04.622 INFO (MainThread) [homeassistant.setup] Setting up input_boolean[0m
[32m2026-07-28 05:09:04.623 INFO (MainThread) [homeassistant.setup] Setup of domain input_boolean took 0.00 seconds[0m
[33m2026-07-28 05:09:04.623 WARNING (MainThread) [asyncio] Executing <Task pending name='Task-1' coro=<setup_and_run_hass() running at /usr/local/python/current/lib/python3.14/site-packages/homeassistant/runner.py:256> wait_for=<_GatheringFuture pending cb=[Task.task_wakeup()] created at /usr/local/python/current/lib/python3.14/asyncio/tasks.py:751> cb=[_run_until_complete_cb() at /usr/local/python/current/lib/python3.14/asyncio/base_events.py:181] created at /usr/local/python/current/lib/python3.14/asyncio/tasks.py:734> took 0.152 seconds[0m
[32m2026-07-28 05:09:04.627 INFO (MainThread) [homeassistant.setup] Setting up infrared[0m
[32m2026-07-28 05:09:04.627 INFO (MainThread) [homeassistant.setup] Setup of domain infrared took 0.00 seconds[0m
[32m2026-07-28 05:09:04.629 INFO (MainThread) [homeassistant.setup] Setting up date[0m
[32m2026-07-28 05:09:04.629 INFO (MainThread) [homeassistant.setup] Setup of domain date took 0.00 seconds[0m
[32m2026-07-28 05:09:04.630 INFO (MainThread) [homeassistant.setup] Setting up time[0m
[32m2026-07-28 05:09:04.630 INFO (MainThread) [homeassistant.setup] Setup of domain time took 0.00 seconds[0m
[32m2026-07-28 05:09:04.630 INFO (MainThread) [homeassistant.setup] Setting up update[0m
[32m2026-07-28 05:09:04.631 INFO (MainThread) [homeassistant.setup] Setup of domain update took 0.00 seconds[0m
[32m2026-07-28 05:09:04.631 INFO (MainThread) [homeassistant.setup] Setting up image[0m
[32m2026-07-28 05:09:04.632 INFO (MainThread) [homeassistant.setup] Setup of domain image took 0.00 seconds[0m
[32m2026-07-28 05:09:04.632 INFO (MainThread) [homeassistant.setup] Setting up geo_location[0m
[32m2026-07-28 05:09:04.632 INFO (MainThread) [homeassistant.setup] Setup of domain geo_location took 0.00 seconds[0m
[32m2026-07-28 05:09:04.633 INFO (MainThread) [homeassistant.setup] Setting up text[0m
[32m2026-07-28 05:09:04.634 INFO (MainThread) [homeassistant.setup] Setup of domain text took 0.00 seconds[0m
[32m2026-07-28 05:09:04.664 INFO (MainThread) [homeassistant.setup] Setting up ai_task[0m
[32m2026-07-28 05:09:04.664 INFO (MainThread) [homeassistant.setup] Setup of domain ai_task took 0.00 seconds[0m
[32m2026-07-28 05:09:04.669 INFO (MainThread) [homeassistant.setup] Setting up radio_frequency[0m
[32m2026-07-28 05:09:04.669 INFO (MainThread) [homeassistant.setup] Setup of domain radio_frequency took 0.00 seconds[0m
[32m2026-07-28 05:09:04.669 INFO (MainThread) [homeassistant.setup] Setting up assist_satellite[0m
[32m2026-07-28 05:09:04.671 INFO (MainThread) [homeassistant.setup] Setting up siren[0m
[32m2026-07-28 05:09:04.671 INFO (MainThread) [homeassistant.setup] Setup of domain siren took 0.00 seconds[0m
[32m2026-07-28 05:09:04.686 INFO (MainThread) [homeassistant.setup] Setting up air_quality[0m
[32m2026-07-28 05:09:04.687 INFO (MainThread) [homeassistant.setup] Setup of domain air_quality took 0.00 seconds[0m
[32m2026-07-28 05:09:04.687 INFO (MainThread) [homeassistant.setup] Setting up datetime[0m
[32m2026-07-28 05:09:04.687 INFO (MainThread) [homeassistant.setup] Setup of domain datetime took 0.00 seconds[0m
[32m2026-07-28 05:09:04.688 INFO (MainThread) [homeassistant.setup] Setting up my[0m
[32m2026-07-28 05:09:04.688 INFO (MainThread) [homeassistant.setup] Setup of domain my took 0.00 seconds[0m
[32m2026-07-28 05:09:04.688 INFO (MainThread) [homeassistant.setup] Setting up google_translate[0m
[32m2026-07-28 05:09:04.688 INFO (MainThread) [homeassistant.setup] Setup of domain google_translate took 0.00 seconds[0m
[32m2026-07-28 05:09:04.690 INFO (MainThread) [homeassistant.setup] Setting up window[0m
[32m2026-07-28 05:09:04.691 INFO (MainThread) [homeassistant.setup] Setup of domain window took 0.00 seconds[0m
[32m2026-07-28 05:09:04.691 INFO (MainThread) [homeassistant.setup] Setting up brands[0m
[32m2026-07-28 05:09:04.691 INFO (MainThread) [homeassistant.setup] Setup of domain brands took 0.00 seconds[0m
[32m2026-07-28 05:09:04.691 INFO (MainThread) [homeassistant.setup] Setting up battery[0m
[32m2026-07-28 05:09:04.692 INFO (MainThread) [homeassistant.setup] Setup of domain battery took 0.00 seconds[0m
[32m2026-07-28 05:09:04.693 INFO (MainThread) [homeassistant.setup] Setup of domain stream took 0.12 seconds[0m
[32m2026-07-28 05:09:04.694 INFO (MainThread) [homeassistant.setup] Setting up gate[0m
[32m2026-07-28 05:09:04.695 INFO (MainThread) [homeassistant.setup] Setup of domain gate took 0.00 seconds[0m
[32m2026-07-28 05:09:04.695 INFO (MainThread) [homeassistant.setup] Setting up file[0m
[32m2026-07-28 05:09:04.695 INFO (MainThread) [homeassistant.setup] Setup of domain file took 0.00 seconds[0m
[32m2026-07-28 05:09:04.696 INFO (MainThread) [homeassistant.setup] Setting up rss_podcast_journal[0m
[32m2026-07-28 05:09:04.696 INFO (MainThread) [homeassistant.setup] Setup of domain rss_podcast_journal took 0.00 seconds[0m
[32m2026-07-28 05:09:04.745 INFO (MainThread) [homeassistant.setup] Setup of domain person took 0.18 seconds[0m
[32m2026-07-28 05:09:04.760 INFO (MainThread) [homeassistant.setup] Setting up radio_browser[0m
[32m2026-07-28 05:09:04.766 INFO (MainThread) [homeassistant.setup] Setup of domain radio_browser took 0.01 seconds[0m
[32m2026-07-28 05:09:04.854 INFO (MainThread) [homeassistant.setup] Setting up energy[0m
[32m2026-07-28 05:09:04.880 INFO (MainThread) [homeassistant.setup] Setup of domain energy took 0.03 seconds[0m
[32m2026-07-28 05:09:04.881 INFO (MainThread) [homeassistant.setup] Setup of domain assist_satellite took 0.21 seconds[0m
[32m2026-07-28 05:09:04.933 INFO (MainThread) [homeassistant.setup] Setting up go2rtc[0m
[31m2026-07-28 05:09:04.976 ERROR (MainThread) [homeassistant.components.go2rtc] Could not find go2rtc docker binary[0m
[31m2026-07-28 05:09:04.976 ERROR (MainThread) [homeassistant.setup] Setup failed for 'go2rtc': Integration failed to initialize.[0m
[32m2026-07-28 05:09:04.976 INFO (MainThread) [homeassistant.setup] Setup of domain go2rtc took 0.04 seconds[0m
[32m2026-07-28 05:09:04.997 INFO (MainThread) [homeassistant.setup] Setting up homeassistant_alerts[0m
[32m2026-07-28 05:09:04.997 INFO (MainThread) [homeassistant.setup] Setup of domain homeassistant_alerts took 0.00 seconds[0m
[32m2026-07-28 05:09:05.041 INFO (MainThread) [homeassistant.setup] Setting up tag[0m
[32m2026-07-28 05:09:05.043 INFO (MainThread) [homeassistant.setup] Setup of domain tag took 0.00 seconds[0m
[32m2026-07-28 05:09:05.045 INFO (MainThread) [homeassistant.setup] Setting up sun[0m
[32m2026-07-28 05:09:05.045 INFO (MainThread) [homeassistant.setup] Setup of domain sun took 0.00 seconds[0m
[32m2026-07-28 05:09:05.047 INFO (MainThread) [homeassistant.components.binary_sensor] Setting up sun.binary_sensor[0m
[32m2026-07-28 05:09:05.050 INFO (MainThread) [homeassistant.components.sensor] Setting up sun.sensor[0m
[32m2026-07-28 05:09:05.053 INFO (MainThread) [homeassistant.setup] Setting up usage_prediction[0m
[32m2026-07-28 05:09:05.053 INFO (MainThread) [homeassistant.setup] Setup of domain usage_prediction took 0.00 seconds[0m
[32m2026-07-28 05:09:05.053 INFO (MainThread) [homeassistant.setup] Setting up application_credentials[0m
[32m2026-07-28 05:09:05.054 INFO (MainThread) [homeassistant.setup] Setup of domain application_credentials took 0.00 seconds[0m
[32m2026-07-28 05:09:05.055 INFO (MainThread) [homeassistant.setup] Setting up door[0m
[32m2026-07-28 05:09:05.055 INFO (MainThread) [homeassistant.setup] Setup of domain door took 0.00 seconds[0m
[32m2026-07-28 05:09:05.055 INFO (MainThread) [homeassistant.setup] Setting up motion[0m
[32m2026-07-28 05:09:05.055 INFO (MainThread) [homeassistant.setup] Setup of domain motion took 0.00 seconds[0m
[32m2026-07-28 05:09:05.056 INFO (MainThread) [homeassistant.setup] Setting up humidity[0m
[32m2026-07-28 05:09:05.056 INFO (MainThread) [homeassistant.setup] Setup of domain humidity took 0.00 seconds[0m
[32m2026-07-28 05:09:05.056 INFO (MainThread) [homeassistant.setup] Setting up schedule[0m
[32m2026-07-28 05:09:05.057 INFO (MainThread) [homeassistant.setup] Setup of domain schedule took 0.00 seconds[0m
[32m2026-07-28 05:09:05.058 INFO (MainThread) [homeassistant.setup] Setting up counter[0m
[32m2026-07-28 05:09:05.059 INFO (MainThread) [homeassistant.setup] Setup of domain counter took 0.00 seconds[0m
[32m2026-07-28 05:09:05.060 INFO (MainThread) [homeassistant.setup] Setting up input_datetime[0m
[32m2026-07-28 05:09:05.061 INFO (MainThread) [homeassistant.setup] Setup of domain input_datetime took 0.00 seconds[0m
[32m2026-07-28 05:09:05.061 INFO (MainThread) [homeassistant.setup] Setting up moisture[0m
[32m2026-07-28 05:09:05.061 INFO (MainThread) [homeassistant.setup] Setup of domain moisture took 0.00 seconds[0m
[32m2026-07-28 05:09:05.063 INFO (MainThread) [homeassistant.setup] Setting up occupancy[0m
[32m2026-07-28 05:09:05.063 INFO (MainThread) [homeassistant.setup] Setup of domain occupancy took 0.00 seconds[0m
[32m2026-07-28 05:09:05.066 INFO (MainThread) [homeassistant.setup] Setting up hardware[0m
[32m2026-07-28 05:09:05.069 INFO (MainThread) [homeassistant.setup] Setting up illuminance[0m
[32m2026-07-28 05:09:05.069 INFO (MainThread) [homeassistant.setup] Setup of domain illuminance took 0.00 seconds[0m
[32m2026-07-28 05:09:05.076 INFO (MainThread) [homeassistant.setup] Setting up temperature[0m
[32m2026-07-28 05:09:05.076 INFO (MainThread) [homeassistant.setup] Setup of domain temperature took 0.00 seconds[0m
[32m2026-07-28 05:09:05.078 INFO (MainThread) [homeassistant.setup] Setting up shopping_list[0m
[32m2026-07-28 05:09:05.078 INFO (MainThread) [homeassistant.setup] Setup of domain shopping_list took 0.00 seconds[0m
[32m2026-07-28 05:09:05.081 INFO (MainThread) [homeassistant.setup] Setting up power[0m
[32m2026-07-28 05:09:05.081 INFO (MainThread) [homeassistant.setup] Setup of domain power took 0.00 seconds[0m
[32m2026-07-28 05:09:05.082 INFO (MainThread) [homeassistant.setup] Setting up garage_door[0m
[32m2026-07-28 05:09:05.082 INFO (MainThread) [homeassistant.setup] Setup of domain garage_door took 0.00 seconds[0m
[32m2026-07-28 05:09:05.084 INFO (MainThread) [homeassistant.components.tts] Setting up google_translate.tts[0m
[32m2026-07-28 05:09:05.088 INFO (MainThread) [homeassistant.setup] Setup of domain hardware took 0.02 seconds[0m
[32m2026-07-28 05:09:05.088 INFO (MainThread) [homeassistant.components.sensor] Setting up energy.sensor[0m
[32m2026-07-28 05:09:05.089 INFO (MainThread) [homeassistant.setup] Setting up analytics[0m
[32m2026-07-28 05:09:05.090 INFO (MainThread) [homeassistant.setup] Setup of domain analytics took 0.00 seconds[0m
[32m2026-07-28 05:09:05.091 INFO (MainThread) [homeassistant.setup] Setting up mobile_app[0m
[32m2026-07-28 05:09:05.092 INFO (MainThread) [homeassistant.setup] Setup of domain mobile_app took 0.00 seconds[0m
[32m2026-07-28 05:09:05.092 INFO (MainThread) [homeassistant.setup] Setting up todo[0m
[32m2026-07-28 05:09:05.093 INFO (MainThread) [homeassistant.setup] Setup of domain todo took 0.00 seconds[0m
[32m2026-07-28 05:09:05.095 INFO (MainThread) [homeassistant.components.todo] Setting up shopping_list.todo[0m
[32m2026-07-28 05:09:05.096 INFO (MainThread) [homeassistant.components.notify] Setting up notify.mobile_app[0m
[31m2026-07-28 05:09:05.097 ERROR (MainThread) [homeassistant.setup] Unable to set up dependencies of 'default_config'. Setup failed for dependencies: ['bluetooth', 'go2rtc', 'usb'][0m
[31m2026-07-28 05:09:05.097 ERROR (MainThread) [homeassistant.setup] Setup failed for 'default_config': Could not setup dependencies: bluetooth, go2rtc, usb[0m
[36m2026-07-28 05:09:05.568 DEBUG (MainThread) [custom_components.rss_podcast_journal] Finished fetching rss_podcast_journal data in 0.872 seconds (success: True)[0m
[32m2026-07-28 05:09:05.571 INFO (MainThread) [homeassistant.components.sensor] Setting up rss_podcast_journal.sensor[0m
[32m2026-07-28 05:09:05.572 INFO (MainThread) [homeassistant.components.binary_sensor] Setting up rss_podcast_journal.binary_sensor[0m
[32m2026-07-28 05:09:05.574 INFO (MainThread) [homeassistant.bootstrap] Home Assistant initialized in 1.58s[0m
[32m2026-07-28 05:09:05.574 INFO (MainThread) [homeassistant.core] Starting Home Assistant 2026.6.4[0m
[36m2026-07-28 05:09:38.922 DEBUG (MainThread) [custom_components.rss_podcast_journal] Finished fetching rss_podcast_journal data in 0.625 seconds (success: True)[0m
[32m2026-07-28 05:09:38.923 INFO (MainThread) [homeassistant.components.sensor] Setting up rss_podcast_journal.sensor[0m
[32m2026-07-28 05:09:38.924 INFO (MainThread) [homeassistant.helpers.entity_registry] Registered new sensor.rss_podcast_journal entity: sensor.latest_episode_date[0m
[32m2026-07-28 05:09:38.927 INFO (MainThread) [homeassistant.components.binary_sensor] Setting up rss_podcast_journal.binary_sensor[0m
[32m2026-07-28 05:09:38.927 INFO (MainThread) [homeassistant.helpers.entity_registry] Registered new binary_sensor.rss_podcast_journal entity: binary_sensor.today_s_episode_downloaded[0m
[32m2026-07-28 05:10:05.147 INFO (MainThread) [homeassistant.helpers.script.websocket_api_script] websocket_api script: Running websocket_api script[0m
[32m2026-07-28 05:10:05.148 INFO (MainThread) [homeassistant.helpers.script.websocket_api_script] websocket_api script: Executing step call service[0m
[36m2026-07-28 05:10:05.820 DEBUG (MainThread) [custom_components.rss_podcast_journal] Manually updated rss_podcast_journal data[0m
[32m2026-07-28 05:10:05.821 INFO (MainThread) [homeassistant.helpers.script.websocket_api_script] websocket_api script: Stop script sequence: done[0m
[36m2026-07-28 05:40:05.702 DEBUG (MainThread) [custom_components.rss_podcast_journal] Finished fetching rss_podcast_journal data in 0.192 seconds (success: True)[0m
[36m2026-07-28 06:10:05.724 DEBUG (MainThread) [custom_components.rss_podcast_journal] Finished fetching rss_podcast_journal data in 0.197 seconds (success: True)[0m
[36m2026-07-28 06:40:05.685 DEBUG (MainThread) [custom_components.rss_podcast_journal] Finished fetching rss_podcast_journal data in 0.148 seconds (success: True)[0m
[36m2026-07-28 07:10:05.695 DEBUG (MainThread) [custom_components.rss_podcast_journal] Finished fetching rss_podcast_journal data in 0.150 seconds (success: True)[0m
[36m2026-07-28 07:40:05.756 DEBUG (MainThread) [custom_components.rss_podcast_journal] Finished fetching rss_podcast_journal data in 0.185 seconds (success: True)[0m
[36m2026-07-28 08:10:05.738 DEBUG (MainThread) [custom_components.rss_podcast_journal] Finished fetching rss_podcast_journal data in 0.177 seconds (success: True)[0m
[36m2026-07-28 08:40:05.759 DEBUG (MainThread) [custom_components.rss_podcast_journal] Finished fetching rss_podcast_journal data in 0.200 seconds (success: True)[0m
[36m2026-07-28 09:10:05.798 DEBUG (MainThread) [custom_components.rss_podcast_journal] Finished fetching rss_podcast_journal data in 0.257 seconds (success: True)[0m
[36m2026-07-28 09:40:05.718 DEBUG (MainThread) [custom_components.rss_podcast_journal] Finished fetching rss_podcast_journal data in 0.135 seconds (success: True)[0m
[36m2026-07-28 10:10:05.857 DEBUG (MainThread) [custom_components.rss_podcast_journal] Finished fetching rss_podcast_journal data in 0.252 seconds (success: True)[0m
[36m2026-07-28 10:40:05.904 DEBUG (MainThread) [custom_components.rss_podcast_journal] Finished fetching rss_podcast_journal data in 0.323 seconds (success: True)[0m
[36m2026-07-28 11:10:05.766 DEBUG (MainThread) [custom_components.rss_podcast_journal] Finished fetching rss_podcast_journal data in 0.194 seconds (success: True)[0m
[36m2026-07-28 11:40:05.762 DEBUG (MainThread) [custom_components.rss_podcast_journal] Finished fetching rss_podcast_journal data in 0.203 seconds (success: True)[0m
[36m2026-07-28 12:10:05.824 DEBUG (MainThread) [custom_components.rss_podcast_journal] Finished fetching rss_podcast_journal data in 0.213 seconds (success: True)[0m
[36m2026-07-28 12:40:05.830 DEBUG (MainThread) [custom_components.rss_podcast_journal] Finished fetching rss_podcast_journal data in 0.210 seconds (success: True)[0m
[36m2026-07-28 13:10:05.759 DEBUG (MainThread) [custom_components.rss_podcast_journal] Finished fetching rss_podcast_journal data in 0.188 seconds (success: True)[0m
[36m2026-07-28 13:40:05.811 DEBUG (MainThread) [custom_components.rss_podcast_journal] Finished fetching rss_podcast_journal data in 0.219 seconds (success: True)[0m
[36m2026-07-28 14:10:05.856 DEBUG (MainThread) [custom_components.rss_podcast_journal] Finished fetching rss_podcast_journal data in 0.262 seconds (success: True)[0m
[36m2026-07-28 14:40:05.808 DEBUG (MainThread) [custom_components.rss_podcast_journal] Finished fetching rss_podcast_journal data in 0.209 seconds (success: True)[0m
[36m2026-07-28 15:10:05.991 DEBUG (MainThread) [custom_components.rss_podcast_journal] Finished fetching rss_podcast_journal data in 0.387 seconds (success: True)[0m
[36m2026-07-28 15:40:05.830 DEBUG (MainThread) [custom_components.rss_podcast_journal] Finished fetching rss_podcast_journal data in 0.217 seconds (success: True)[0m
[36m2026-07-28 16:10:06.759 DEBUG (MainThread) [custom_components.rss_podcast_journal] Finished fetching rss_podcast_journal data in 1.141 seconds (success: True)[0m
[36m2026-07-28 16:40:06.845 DEBUG (MainThread) [custom_components.rss_podcast_journal] Finished fetching rss_podcast_journal data in 0.230 seconds (success: True)[0m
[36m2026-07-28 17:10:06.792 DEBUG (MainThread) [custom_components.rss_podcast_journal] Finished fetching rss_podcast_journal data in 0.166 seconds (success: True)[0m
[36m2026-07-28 17:40:06.948 DEBUG (MainThread) [custom_components.rss_podcast_journal] Finished fetching rss_podcast_journal data in 0.332 seconds (success: True)[0m
[36m2026-07-28 18:10:06.825 DEBUG (MainThread) [custom_components.rss_podcast_journal] Finished fetching rss_podcast_journal data in 0.163 seconds (success: True)[0m
[36m2026-07-28 18:40:06.798 DEBUG (MainThread) [custom_components.rss_podcast_journal] Finished fetching rss_podcast_journal data in 0.171 seconds (success: True)[0m
[36m2026-07-28 19:10:07.020 DEBUG (MainThread) [custom_components.rss_podcast_journal] Finished fetching rss_podcast_journal data in 0.361 seconds (success: True)[0m
[36m2026-07-28 19:40:06.944 DEBUG (MainThread) [custom_components.rss_podcast_journal] Finished fetching rss_podcast_journal data in 0.272 seconds (success: True)[0m
[36m2026-07-28 20:10:06.840 DEBUG (MainThread) [custom_components.rss_podcast_journal] Finished fetching rss_podcast_journal data in 0.165 seconds (success: True)[0m
[36m2026-07-28 20:40:06.953 DEBUG (MainThread) [custom_components.rss_podcast_journal] Finished fetching rss_podcast_journal data in 0.288 seconds (success: True)[0m
[36m2026-07-28 21:10:06.914 DEBUG (MainThread) [custom_components.rss_podcast_journal] Finished fetching rss_podcast_journal data in 0.247 seconds (success: True)[0m
[36m2026-07-28 21:40:06.863 DEBUG (MainThread) [custom_components.rss_podcast_journal] Finished fetching rss_podcast_journal data in 0.192 seconds (success: True)[0m
[36m2026-07-28 22:10:08.504 DEBUG (MainThread) [custom_components.rss_podcast_journal] Finished fetching rss_podcast_journal data in 1.852 seconds (success: True)[0m
[36m2026-07-28 22:40:10.906 DEBUG (MainThread) [custom_components.rss_podcast_journal] Finished fetching rss_podcast_journal data in 2.276 seconds (success: True)[0m
[36m2026-07-28 23:10:12.238 DEBUG (MainThread) [custom_components.rss_podcast_journal] Finished fetching rss_podcast_journal data in 1.549 seconds (success: True)[0m
[36m2026-07-28 23:40:13.440 DEBUG (MainThread) [custom_components.rss_podcast_journal] Finished fetching rss_podcast_journal data in 1.783 seconds (success: True)[0m
[36m2026-07-29 00:10:14.320 DEBUG (MainThread) [custom_components.rss_podcast_journal] Finished fetching rss_podcast_journal data in 1.613 seconds (success: True)[0m
[36m2026-07-29 00:40:14.275 DEBUG (MainThread) [custom_components.rss_podcast_journal] Finished fetching rss_podcast_journal data in 0.562 seconds (success: True)[0m
[36m2026-07-29 01:10:14.060 DEBUG (MainThread) [custom_components.rss_podcast_journal] Finished fetching rss_podcast_journal data in 0.394 seconds (success: True)[0m
[36m2026-07-29 01:40:13.892 DEBUG (MainThread) [custom_components.rss_podcast_journal] Finished fetching rss_podcast_journal data in 0.244 seconds (success: True)[0m
[36m2026-07-29 02:10:15.984 DEBUG (MainThread) [custom_components.rss_podcast_journal] Finished fetching rss_podcast_journal data in 2.306 seconds (success: True)[0m
[36m2026-07-29 02:40:16.170 DEBUG (MainThread) [custom_components.rss_podcast_journal] Finished fetching rss_podcast_journal data in 0.451 seconds (success: True)[0m
[36m2026-07-29 03:10:16.105 DEBUG (MainThread) [custom_components.rss_podcast_journal] Finished fetching rss_podcast_journal data in 0.383 seconds (success: True)[0m
[36m2026-07-29 03:40:16.030 DEBUG (MainThread) [custom_components.rss_podcast_journal] Finished fetching rss_podcast_journal data in 0.351 seconds (success: True)[0m
[36m2026-07-29 04:10:17.964 DEBUG (MainThread) [custom_components.rss_podcast_journal] Finished fetching rss_podcast_journal data in 2.245 seconds (success: True)[0m
[36m2026-07-29 04:40:18.066 DEBUG (MainThread) [custom_components.rss_podcast_journal] Finished fetching rss_podcast_journal data in 0.359 seconds (success: True)[0m
[36m2026-07-29 05:10:17.924 DEBUG (MainThread) [custom_components.rss_podcast_journal] Finished fetching rss_podcast_journal data in 0.220 seconds (success: True)[0m
[33m2026-07-29 05:18:00.513 WARNING (MainThread) [asyncio] Executing <TimerHandle when=88538.83323264122 _TrackPointUTCTime(hass=<HomeAssistant RUNNING>, job=<Job time change listener None:None:range(0, 60, 5) <bound method DeviceTracker.async_update_stale of <homeassistant.components.device_tracker.legacy.DeviceTracker object at 0xffff4f3d2660>> HassJobType.Callback <bound method _TrackUTCTimeChange._pattern_time_change_listener of _TrackUTCTimeChange(hass=<HomeAssistant RUNNING>, time_match_expression=([0, 5, 10, 15, 20, 25, 30, 35, 40, 45, 50, 55], [0, 1, 2, 3, 4, 5, 6, 7, 8, 9, 10, 11, 12, 13, 14, 15, 16, 17, 18, 19, 20, 21, 22, 23, 24, 25, 26, 27, 28, 29, 30, 31, 32, 33, 34, 35, 36, 37, 38, 39, 40, 41, 42, 43, 44, 45, 46, 47, 48, 49, 50, 51, 52, 53, 54, 55, 56, 57, 58, 59], [0, 1, 2, 3, 4, 5, 6, 7, 8, 9, 10, 11, 12, 13, 14, 15, 16, 17, 18, 19, 20, 21, 22, 23]), microsecond=333289, local=False, job=<Job track time change None:None:range(0, 60, 5) local=False HassJobType.Callback <bound method DeviceTracker.async_update_stale of <homeassistant.components.device_tracker.legacy.DeviceTracker object at 0xffff4f3d2660>>>, listener_job_name='time change listener None:None:range(0, 60, 5) <bound method DeviceTracker.async_update_stale of <homeassistant.components.device_tracker.legacy.DeviceTracker object at 0xffff4f3d2660>>', _pattern_time_change_listener_job=<Job time change listener None:None:range(0, 60, 5) <bound method DeviceTracker.async_update_stale of <homeassistant.components.device_tracker.legacy.DeviceTracker object at 0xffff4f3d2660>> HassJobType.Callback <bound method _TrackUTCTimeChange._pattern_time_change_listener of ...>>, _cancel_callback=<bound method _TrackPointUTCTime.async_cancel of _TrackPointUTCTime(hass=<HomeAssistant RUNNING>, job=<Job time change listener None:None:range(0, 60, 5) <bound method DeviceTracker.async_update_stale of <homeassistant.components.device_tracker.legacy.DeviceTracker object at 0xffff4f3d2660>> HassJobType.Callback <bound method _TrackUTCTimeChange._pattern_time_change_listener of ...>>, utc_point_in_time=datetime.datetime(2026, 7, 29, 5, 18, 5, 333289, tzinfo=datetime.timezone.utc), expected_fire_timestamp=1785302285.333289, _cancel_callback=<TimerHandle when=88543.8332259655 ...() created at /usr/local/python/current/lib/python3.14/site-packages/homeassistant/helpers/event.py:1485>)>)>>, utc_point_in_time=datetime.datetime(2026, 7, 29, 5, 18, 0, 333289, tzinfo=datetime.timezone.utc), expected_fire_timestamp=1785302280.333289, _cancel_callback=<TimerHandle when=88538.83323264122 ...() created at /usr/local/python/current/lib/python3.14/site-packages/homeassistant/helpers/event.py:1485>)() created at /usr/local/python/current/lib/python3.14/site-packages/homeassistant/helpers/event.py:1485> took 0.170 seconds[0m
[36m2026-07-29 05:40:17.840 DEBUG (MainThread) [custom_components.rss_podcast_journal] Finished fetching rss_podcast_journal data in 0.139 seconds (success: True)[0m
[36m2026-07-29 06:10:17.884 DEBUG (MainThread) [custom_components.rss_podcast_journal] Finished fetching rss_podcast_journal data in 0.170 seconds (success: True)[0m
[36m2026-07-29 06:40:17.892 DEBUG (MainThread) [custom_components.rss_podcast_journal] Finished fetching rss_podcast_journal data in 0.133 seconds (success: True)[0m
[36m2026-07-29 07:10:17.884 DEBUG (MainThread) [custom_components.rss_podcast_journal] Finished fetching rss_podcast_journal data in 0.150 seconds (success: True)[0m
[36m2026-07-29 07:40:17.884 DEBUG (MainThread) [custom_components.rss_podcast_journal] Finished fetching rss_podcast_journal data in 0.170 seconds (success: True)[0m
[36m2026-07-29 08:10:17.882 DEBUG (MainThread) [custom_components.rss_podcast_journal] Finished fetching rss_podcast_journal data in 0.157 seconds (success: True)[0m
[36m2026-07-29 08:40:17.892 DEBUG (MainThread) [custom_components.rss_podcast_journal] Finished fetching rss_podcast_journal data in 0.160 seconds (success: True)[0m
[36m2026-07-29 09:10:17.905 DEBUG (MainThread) [custom_components.rss_podcast_journal] Finished fetching rss_podcast_journal data in 0.181 seconds (success: True)[0m
[36m2026-07-29 09:40:17.860 DEBUG (MainThread) [custom_components.rss_podcast_journal] Finished fetching rss_podcast_journal data in 0.097 seconds (success: True)[0m
[36m2026-07-29 10:10:17.999 DEBUG (MainThread) [custom_components.rss_podcast_journal] Finished fetching rss_podcast_journal data in 0.207 seconds (success: True)[0m
[36m2026-07-29 10:40:17.906 DEBUG (MainThread) [custom_components.rss_podcast_journal] Finished fetching rss_podcast_journal data in 0.127 seconds (success: True)[0m
[36m2026-07-29 11:10:17.995 DEBUG (MainThread) [custom_components.rss_podcast_journal] Finished fetching rss_podcast_journal data in 0.202 seconds (success: True)[0m
[36m2026-07-29 11:40:17.935 DEBUG (MainThread) [custom_components.rss_podcast_journal] Finished fetching rss_podcast_journal data in 0.149 seconds (success: True)[0m
[36m2026-07-29 12:10:18.002 DEBUG (MainThread) [custom_components.rss_podcast_journal] Finished fetching rss_podcast_journal data in 0.209 seconds (success: True)[0m
[36m2026-07-29 12:40:18.899 DEBUG (MainThread) [custom_components.rss_podcast_journal] Finished fetching rss_podcast_journal data in 1.140 seconds (success: True)[0m
[36m2026-07-29 13:10:19.035 DEBUG (MainThread) [custom_components.rss_podcast_journal] Finished fetching rss_podcast_journal data in 0.232 seconds (success: True)[0m
[36m2026-07-29 13:40:18.948 DEBUG (MainThread) [custom_components.rss_podcast_journal] Finished fetching rss_podcast_journal data in 0.135 seconds (success: True)[0m
[36m2026-07-29 14:10:19.018 DEBUG (MainThread) [custom_components.rss_podcast_journal] Finished fetching rss_podcast_journal data in 0.202 seconds (success: True)[0m
[36m2026-07-29 14:40:18.965 DEBUG (MainThread) [custom_components.rss_podcast_journal] Finished fetching rss_podcast_journal data in 0.156 seconds (success: True)[0m
[36m2026-07-29 15:10:18.917 DEBUG (MainThread) [custom_components.rss_podcast_journal] Finished fetching rss_podcast_journal data in 0.133 seconds (success: True)[0m
[36m2026-07-29 15:40:18.960 DEBUG (MainThread) [custom_components.rss_podcast_journal] Finished fetching rss_podcast_journal data in 0.182 seconds (success: True)[0m
[36m2026-07-29 16:10:18.997 DEBUG (MainThread) [custom_components.rss_podcast_journal] Finished fetching rss_podcast_journal data in 0.227 seconds (success: True)[0m
[36m2026-07-29 16:40:18.973 DEBUG (MainThread) [custom_components.rss_podcast_journal] Finished fetching rss_podcast_journal data in 0.180 seconds (success: True)[0m
[36m2026-07-29 17:10:18.955 DEBUG (MainThread) [custom_components.rss_podcast_journal] Finished fetching rss_podcast_journal data in 0.133 seconds (success: True)[0m
[36m2026-07-29 17:40:19.061 DEBUG (MainThread) [custom_components.rss_podcast_journal] Finished fetching rss_podcast_journal data in 0.239 seconds (success: True)[0m
[36m2026-07-29 18:10:18.917 DEBUG (MainThread) [custom_components.rss_podcast_journal] Finished fetching rss_podcast_journal data in 0.127 seconds (success: True)[0m
[36m2026-07-29 18:40:19.004 DEBUG (MainThread) [custom_components.rss_podcast_journal] Finished fetching rss_podcast_journal data in 0.226 seconds (success: True)[0m
[36m2026-07-29 19:10:19.078 DEBUG (MainThread) [custom_components.rss_podcast_journal] Finished fetching rss_podcast_journal data in 0.258 seconds (success: True)[0m
[36m2026-07-29 19:40:18.992 DEBUG (MainThread) [custom_components.rss_podcast_journal] Finished fetching rss_podcast_journal data in 0.209 seconds (success: True)[0m
[36m2026-07-29 20:10:18.963 DEBUG (MainThread) [custom_components.rss_podcast_journal] Finished fetching rss_podcast_journal data in 0.139 seconds (success: True)[0m
[36m2026-07-29 20:40:18.939 DEBUG (MainThread) [custom_components.rss_podcast_journal] Finished fetching rss_podcast_journal data in 0.105 seconds (success: True)[0m
[36m2026-07-29 21:10:19.047 DEBUG (MainThread) [custom_components.rss_podcast_journal] Finished fetching rss_podcast_journal data in 0.211 seconds (success: True)[0m
[36m2026-07-29 21:40:18.944 DEBUG (MainThread) [custom_components.rss_podcast_journal] Finished fetching rss_podcast_journal data in 0.138 seconds (success: True)[0m
[36m2026-07-29 22:10:20.542 DEBUG (MainThread) [custom_components.rss_podcast_journal] Finished fetching rss_podcast_journal data in 1.749 seconds (success: True)[0m
[36m2026-07-29 22:40:21.314 DEBUG (MainThread) [custom_components.rss_podcast_journal] Finished fetching rss_podcast_journal data in 1.477 seconds (success: True)[0m
[36m2026-07-29 23:10:23.878 DEBUG (MainThread) [custom_components.rss_podcast_journal] Finished fetching rss_podcast_journal data in 3.026 seconds (success: True)[0m
[36m2026-07-29 23:40:26.806 DEBUG (MainThread) [custom_components.rss_podcast_journal] Finished fetching rss_podcast_journal data in 2.992 seconds (success: True)[0m
[36m2026-07-30 00:10:28.316 DEBUG (MainThread) [custom_components.rss_podcast_journal] Finished fetching rss_podcast_journal data in 1.500 seconds (success: True)[0m
[36m2026-07-30 00:40:28.378 DEBUG (MainThread) [custom_components.rss_podcast_journal] Finished fetching rss_podcast_journal data in 0.511 seconds (success: True)[0m
[36m2026-07-30 01:10:28.409 DEBUG (MainThread) [custom_components.rss_podcast_journal] Finished fetching rss_podcast_journal data in 0.538 seconds (success: True)[0m
[36m2026-07-30 01:40:28.102 DEBUG (MainThread) [custom_components.rss_podcast_journal] Finished fetching rss_podcast_journal data in 0.270 seconds (success: True)[0m
[33m2026-07-30 02:04:45.621 WARNING (MainThread) [asyncio] Executing <TimerHandle when=163343.70369124413 _TrackPointUTCTime(hass=<HomeAssistant RUNNING>, job=<Job time change listener None:None:range(0, 60, 5) <bound method DeviceTracker.async_update_stale of <homeassistant.components.device_tracker.legacy.DeviceTracker object at 0xffff4f3d2660>> HassJobType.Callback <bound method _TrackUTCTimeChange._pattern_time_change_listener of _TrackUTCTimeChange(hass=<HomeAssistant RUNNING>, time_match_expression=([0, 5, 10, 15, 20, 25, 30, 35, 40, 45, 50, 55], [0, 1, 2, 3, 4, 5, 6, 7, 8, 9, 10, 11, 12, 13, 14, 15, 16, 17, 18, 19, 20, 21, 22, 23, 24, 25, 26, 27, 28, 29, 30, 31, 32, 33, 34, 35, 36, 37, 38, 39, 40, 41, 42, 43, 44, 45, 46, 47, 48, 49, 50, 51, 52, 53, 54, 55, 56, 57, 58, 59], [0, 1, 2, 3, 4, 5, 6, 7, 8, 9, 10, 11, 12, 13, 14, 15, 16, 17, 18, 19, 20, 21, 22, 23]), microsecond=333289, local=False, job=<Job track time change None:None:range(0, 60, 5) local=False HassJobType.Callback <bound method DeviceTracker.async_update_stale of <homeassistant.components.device_tracker.legacy.DeviceTracker object at 0xffff4f3d2660>>>, listener_job_name='time change listener None:None:range(0, 60, 5) <bound method DeviceTracker.async_update_stale of <homeassistant.components.device_tracker.legacy.DeviceTracker object at 0xffff4f3d2660>>', _pattern_time_change_listener_job=<Job time change listener None:None:range(0, 60, 5) <bound method DeviceTracker.async_update_stale of <homeassistant.components.device_tracker.legacy.DeviceTracker object at 0xffff4f3d2660>> HassJobType.Callback <bound method _TrackUTCTimeChange._pattern_time_change_listener of ...>>, _cancel_callback=<bound method _TrackPointUTCTime.async_cancel of _TrackPointUTCTime(hass=<HomeAssistant RUNNING>, job=<Job time change listener None:None:range(0, 60, 5) <bound method DeviceTracker.async_update_stale of <homeassistant.components.device_tracker.legacy.DeviceTracker object at 0xffff4f3d2660>> HassJobType.Callback <bound method _TrackUTCTimeChange._pattern_time_change_listener of ...>>, utc_point_in_time=datetime.datetime(2026, 7, 30, 2, 4, 50, 333289, tzinfo=datetime.timezone.utc), expected_fire_timestamp=1785377090.333289, _cancel_callback=<TimerHandle when=163348.70369172096 ...() created at /usr/local/python/current/lib/python3.14/site-packages/homeassistant/helpers/event.py:1485>)>)>>, utc_point_in_time=datetime.datetime(2026, 7, 30, 2, 4, 45, 333289, tzinfo=datetime.timezone.utc), expected_fire_timestamp=1785377085.333289, _cancel_callback=<TimerHandle when=163343.70369124413 ...() created at /usr/local/python/current/lib/python3.14/site-packages/homeassistant/helpers/event.py:1485>)() created at /usr/local/python/current/lib/python3.14/site-packages/homeassistant/helpers/event.py:1485> took 0.172 seconds[0m
[36m2026-07-30 02:10:28.161 DEBUG (MainThread) [custom_components.rss_podcast_journal] Finished fetching rss_podcast_journal data in 0.302 seconds (success: True)[0m
[36m2026-07-30 02:40:28.141 DEBUG (MainThread) [custom_components.rss_podcast_journal] Finished fetching rss_podcast_journal data in 0.272 seconds (success: True)[0m
[36m2026-07-30 03:10:28.123 DEBUG (MainThread) [custom_components.rss_podcast_journal] Finished fetching rss_podcast_journal data in 0.244 seconds (success: True)[0m
[36m2026-07-30 03:40:28.097 DEBUG (MainThread) [custom_components.rss_podcast_journal] Finished fetching rss_podcast_journal data in 0.246 seconds (success: True)[0m
[33m2026-07-30 03:59:23.030 WARNING (MainThread) [asyncio] Executing <TimerHandle when=170221.167364224 EntityPlatform._async_handle_interval_callback() created at /usr/local/python/current/lib/python3.14/site-packages/homeassistant/helpers/entity_platform.py:793> took 0.178 seconds[0m
[36m2026-07-30 04:10:28.016 DEBUG (MainThread) [custom_components.rss_podcast_journal] Finished fetching rss_podcast_journal data in 0.200 seconds (success: True)[0m
[36m2026-07-30 04:40:28.097 DEBUG (MainThread) [custom_components.rss_podcast_journal] Finished fetching rss_podcast_journal data in 0.283 seconds (success: True)[0m
[36m2026-07-30 05:10:28.011 DEBUG (MainThread) [custom_components.rss_podcast_journal] Finished fetching rss_podcast_journal data in 0.168 seconds (success: True)[0m
[36m2026-07-30 05:40:28.180 DEBUG (MainThread) [custom_components.rss_podcast_journal] Finished fetching rss_podcast_journal data in 0.324 seconds (success: True)[0m
[36m2026-07-30 06:10:27.989 DEBUG (MainThread) [custom_components.rss_podcast_journal] Finished fetching rss_podcast_journal data in 0.143 seconds (success: True)[0m
[36m2026-07-30 06:40:27.982 DEBUG (MainThread) [custom_components.rss_podcast_journal] Finished fetching rss_podcast_journal data in 0.145 seconds (success: True)[0m
[36m2026-07-30 07:10:27.980 DEBUG (MainThread) [custom_components.rss_podcast_journal] Finished fetching rss_podcast_journal data in 0.137 seconds (success: True)[0m
[36m2026-07-30 07:40:27.983 DEBUG (MainThread) [custom_components.rss_podcast_journal] Finished fetching rss_podcast_journal data in 0.119 seconds (success: True)[0m
[36m2026-07-30 08:10:28.046 DEBUG (MainThread) [custom_components.rss_podcast_journal] Finished fetching rss_podcast_journal data in 0.181 seconds (success: True)[0m
[36m2026-07-30 08:40:28.105 DEBUG (MainThread) [custom_components.rss_podcast_journal] Finished fetching rss_podcast_journal data in 0.237 seconds (success: True)[0m
[36m2026-07-30 09:10:28.004 DEBUG (MainThread) [custom_components.rss_podcast_journal] Finished fetching rss_podcast_journal data in 0.142 seconds (success: True)[0m
[36m2026-07-30 09:40:28.037 DEBUG (MainThread) [custom_components.rss_podcast_journal] Finished fetching rss_podcast_journal data in 0.163 seconds (success: True)[0m
[36m2026-07-30 10:10:28.086 DEBUG (MainThread) [custom_components.rss_podcast_journal] Finished fetching rss_podcast_journal data in 0.163 seconds (success: True)[0m
[36m2026-07-30 10:40:28.049 DEBUG (MainThread) [custom_components.rss_podcast_journal] Finished fetching rss_podcast_journal data in 0.162 seconds (success: True)[0m
[36m2026-07-30 11:10:28.032 DEBUG (MainThread) [custom_components.rss_podcast_journal] Finished fetching rss_podcast_journal data in 0.118 seconds (success: True)[0m
[36m2026-07-30 11:40:28.086 DEBUG (MainThread) [custom_components.rss_podcast_journal] Finished fetching rss_podcast_journal data in 0.160 seconds (success: True)[0m
[36m2026-07-30 12:10:28.042 DEBUG (MainThread) [custom_components.rss_podcast_journal] Finished fetching rss_podcast_journal data in 0.150 seconds (success: True)[0m
[36m2026-07-30 12:40:28.081 DEBUG (MainThread) [custom_components.rss_podcast_journal] Finished fetching rss_podcast_journal data in 0.151 seconds (success: True)[0m
[36m2026-07-30 13:10:28.054 DEBUG (MainThread) [custom_components.rss_podcast_journal] Finished fetching rss_podcast_journal data in 0.115 seconds (success: True)[0m
[36m2026-07-30 13:40:28.121 DEBUG (MainThread) [custom_components.rss_podcast_journal] Finished fetching rss_podcast_journal data in 0.216 seconds (success: True)[0m
[36m2026-07-30 14:10:28.040 DEBUG (MainThread) [custom_components.rss_podcast_journal] Finished fetching rss_podcast_journal data in 0.132 seconds (success: True)[0m
[36m2026-07-30 14:40:28.072 DEBUG (MainThread) [custom_components.rss_podcast_journal] Finished fetching rss_podcast_journal data in 0.156 seconds (success: True)[0m
[36m2026-07-30 15:10:28.145 DEBUG (MainThread) [custom_components.rss_podcast_journal] Finished fetching rss_podcast_journal data in 0.231 seconds (success: True)[0m
[33m2026-07-30 15:27:49.308 WARNING (MainThread) [asyncio] Executing <TimerHandle when=211527.081951166 AsyncEngine._async_cache_cleanup() created at /usr/local/python/current/lib/python3.14/site-packages/zeroconf/_engine.py:144> took 0.298 seconds[0m
[36m2026-07-30 15:40:28.086 DEBUG (MainThread) [custom_components.rss_podcast_journal] Finished fetching rss_podcast_journal data in 0.171 seconds (success: True)[0m
[33m2026-07-30 16:09:41.098 WARNING (MainThread) [asyncio] Executing <TimerHandle when=214038.58486819267 _TrackPointUTCTime(hass=<HomeAssistant RUNNING>, job=<Job time change listener None:None:range(0, 60, 5) <bound method DeviceTracker.async_update_stale of <homeassistant.components.device_tracker.legacy.DeviceTracker object at 0xffff4f3d2660>> HassJobType.Callback <bound method _TrackUTCTimeChange._pattern_time_change_listener of _TrackUTCTimeChange(hass=<HomeAssistant RUNNING>, time_match_expression=([0, 5, 10, 15, 20, 25, 30, 35, 40, 45, 50, 55], [0, 1, 2, 3, 4, 5, 6, 7, 8, 9, 10, 11, 12, 13, 14, 15, 16, 17, 18, 19, 20, 21, 22, 23, 24, 25, 26, 27, 28, 29, 30, 31, 32, 33, 34, 35, 36, 37, 38, 39, 40, 41, 42, 43, 44, 45, 46, 47, 48, 49, 50, 51, 52, 53, 54, 55, 56, 57, 58, 59], [0, 1, 2, 3, 4, 5, 6, 7, 8, 9, 10, 11, 12, 13, 14, 15, 16, 17, 18, 19, 20, 21, 22, 23]), microsecond=333289, local=False, job=<Job track time change None:None:range(0, 60, 5) local=False HassJobType.Callback <bound method DeviceTracker.async_update_stale of <homeassistant.components.device_tracker.legacy.DeviceTracker object at 0xffff4f3d2660>>>, listener_job_name='time change listener None:None:range(0, 60, 5) <bound method DeviceTracker.async_update_stale of <homeassistant.components.device_tracker.legacy.DeviceTracker object at 0xffff4f3d2660>>', _pattern_time_change_listener_job=<Job time change listener None:None:range(0, 60, 5) <bound method DeviceTracker.async_update_stale of <homeassistant.components.device_tracker.legacy.DeviceTracker object at 0xffff4f3d2660>> HassJobType.Callback <bound method _TrackUTCTimeChange._pattern_time_change_listener of ...>>, _cancel_callback=<bound method _TrackPointUTCTime.async_cancel of _TrackPointUTCTime(hass=<HomeAssistant RUNNING>, job=<Job time change listener None:None:range(0, 60, 5) <bound method DeviceTracker.async_update_stale of <homeassistant.components.device_tracker.legacy.DeviceTracker object at 0xffff4f3d2660>> HassJobType.Callback <bound method _TrackUTCTimeChange._pattern_time_change_listener of ...>>, utc_point_in_time=datetime.datetime(2026, 7, 30, 16, 9, 45, 333289, tzinfo=datetime.timezone.utc), expected_fire_timestamp=1785427785.333289, _cancel_callback=<TimerHandle when=214043.57976031303 ...() created at /usr/local/python/current/lib/python3.14/site-packages/homeassistant/helpers/event.py:1485>)>)>>, utc_point_in_time=datetime.datetime(2026, 7, 30, 16, 9, 40, 333289, tzinfo=datetime.timezone.utc), expected_fire_timestamp=1785427780.333289, _cancel_callback=<TimerHandle when=214038.58486819267 ...() created at /usr/local/python/current/lib/python3.14/site-packages/homeassistant/helpers/event.py:1485>)() created at /usr/local/python/current/lib/python3.14/site-packages/homeassistant/helpers/event.py:1485> took 0.623 seconds[0m
[36m2026-07-30 16:10:28.201 DEBUG (MainThread) [custom_components.rss_podcast_journal] Finished fetching rss_podcast_journal data in 0.256 seconds (success: True)[0m
[36m2026-07-30 16:40:28.178 DEBUG (MainThread) [custom_components.rss_podcast_journal] Finished fetching rss_podcast_journal data in 0.206 seconds (success: True)[0m
[33m2026-07-30 17:08:13.749 WARNING (MainThread) [asyncio] Executing <TimerHandle when=217551.158544784 _TrackTimeInterval._interval_listener(<Job Recorder...nt.py:1631>)>>) created at /usr/local/python/current/lib/python3.14/site-packages/homeassistant/helpers/event.py:1631> took 0.746 seconds[0m
[36m2026-07-30 17:10:28.271 DEBUG (MainThread) [custom_components.rss_podcast_journal] Finished fetching rss_podcast_journal data in 0.298 seconds (success: True)[0m
[36m2026-07-30 17:40:28.186 DEBUG (MainThread) [custom_components.rss_podcast_journal] Finished fetching rss_podcast_journal data in 0.233 seconds (success: True)[0m
[36m2026-07-30 18:10:28.087 DEBUG (MainThread) [custom_components.rss_podcast_journal] Finished fetching rss_podcast_journal data in 0.166 seconds (success: True)[0m
[36m2026-07-30 18:40:28.043 DEBUG (MainThread) [custom_components.rss_podcast_journal] Finished fetching rss_podcast_journal data in 0.135 seconds (success: True)[0m
[36m2026-07-30 19:10:28.067 DEBUG (MainThread) [custom_components.rss_podcast_journal] Finished fetching rss_podcast_journal data in 0.159 seconds (success: True)[0m
[36m2026-07-30 19:40:28.020 DEBUG (MainThread) [custom_components.rss_podcast_journal] Finished fetching rss_podcast_journal data in 0.092 seconds (success: True)[0m
[36m2026-07-30 20:10:28.213 DEBUG (MainThread) [custom_components.rss_podcast_journal] Finished fetching rss_podcast_journal data in 0.250 seconds (success: True)[0m
[36m2026-07-30 20:40:28.100 DEBUG (MainThread) [custom_components.rss_podcast_journal] Finished fetching rss_podcast_journal data in 0.118 seconds (success: True)[0m
[36m2026-07-30 21:10:28.137 DEBUG (MainThread) [custom_components.rss_podcast_journal] Finished fetching rss_podcast_journal data in 0.176 seconds (success: True)[0m
[36m2026-07-30 21:40:28.144 DEBUG (MainThread) [custom_components.rss_podcast_journal] Finished fetching rss_podcast_journal data in 0.159 seconds (success: True)[0m
[36m2026-07-30 22:10:29.658 DEBUG (MainThread) [custom_components.rss_podcast_journal] Finished fetching rss_podcast_journal data in 1.691 seconds (success: True)[0m
[36m2026-07-30 22:40:30.504 DEBUG (MainThread) [custom_components.rss_podcast_journal] Finished fetching rss_podcast_journal data in 1.517 seconds (success: True)[0m
[36m2026-07-30 23:10:31.564 DEBUG (MainThread) [custom_components.rss_podcast_journal] Finished fetching rss_podcast_journal data in 1.585 seconds (success: True)[0m
[36m2026-07-30 23:40:32.724 DEBUG (MainThread) [custom_components.rss_podcast_journal] Finished fetching rss_podcast_journal data in 1.763 seconds (success: True)[0m
[36m2026-07-31 00:10:33.548 DEBUG (MainThread) [custom_components.rss_podcast_journal] Finished fetching rss_podcast_journal data in 1.606 seconds (success: True)[0m
[36m2026-07-31 00:40:33.502 DEBUG (MainThread) [custom_components.rss_podcast_journal] Finished fetching rss_podcast_journal data in 0.494 seconds (success: True)[0m
[36m2026-07-31 01:10:33.665 DEBUG (MainThread) [custom_components.rss_podcast_journal] Finished fetching rss_podcast_journal data in 0.665 seconds (success: True)[0m
[36m2026-07-31 01:40:33.161 DEBUG (MainThread) [custom_components.rss_podcast_journal] Finished fetching rss_podcast_journal data in 0.191 seconds (success: True)[0m
[36m2026-07-31 02:10:33.197 DEBUG (MainThread) [custom_components.rss_podcast_journal] Finished fetching rss_podcast_journal data in 0.214 seconds (success: True)[0m
[36m2026-07-31 02:40:33.202 DEBUG (MainThread) [custom_components.rss_podcast_journal] Finished fetching rss_podcast_journal data in 0.226 seconds (success: True)[0m
[36m2026-07-31 03:10:33.392 DEBUG (MainThread) [custom_components.rss_podcast_journal] Finished fetching rss_podcast_journal data in 0.416 seconds (success: True)[0m
[36m2026-07-31 03:40:33.184 DEBUG (MainThread) [custom_components.rss_podcast_journal] Finished fetching rss_podcast_journal data in 0.192 seconds (success: True)[0m
[36m2026-07-31 04:10:33.343 DEBUG (MainThread) [custom_components.rss_podcast_journal] Finished fetching rss_podcast_journal data in 0.374 seconds (success: True)[0m
[36m2026-07-31 04:40:33.253 DEBUG (MainThread) [custom_components.rss_podcast_journal] Finished fetching rss_podcast_journal data in 0.265 seconds (success: True)[0m
[36m2026-07-31 05:10:33.106 DEBUG (MainThread) [custom_components.rss_podcast_journal] Finished fetching rss_podcast_journal data in 0.125 seconds (success: True)[0m
[36m2026-07-31 05:40:33.176 DEBUG (MainThread) [custom_components.rss_podcast_journal] Finished fetching rss_podcast_journal data in 0.173 seconds (success: True)[0m
[36m2026-07-31 06:10:33.180 DEBUG (MainThread) [custom_components.rss_podcast_journal] Finished fetching rss_podcast_journal data in 0.159 seconds (success: True)[0m
[36m2026-07-31 06:40:33.243 DEBUG (MainThread) [custom_components.rss_podcast_journal] Finished fetching rss_podcast_journal data in 0.190 seconds (success: True)[0m
[36m2026-07-31 07:10:33.134 DEBUG (MainThread) [custom_components.rss_podcast_journal] Finished fetching rss_podcast_journal data in 0.079 seconds (success: True)[0m
[36m2026-07-31 07:40:33.172 DEBUG (MainThread) [custom_components.rss_podcast_journal] Finished fetching rss_podcast_journal data in 0.114 seconds (success: True)[0m
[36m2026-07-31 08:10:33.181 DEBUG (MainThread) [custom_components.rss_podcast_journal] Finished fetching rss_podcast_journal data in 0.142 seconds (success: True)[0m
[36m2026-07-31 08:40:33.274 DEBUG (MainThread) [custom_components.rss_podcast_journal] Finished fetching rss_podcast_journal data in 0.232 seconds (success: True)[0m
[36m2026-07-31 09:10:33.316 DEBUG (MainThread) [custom_components.rss_podcast_journal] Finished fetching rss_podcast_journal data in 0.256 seconds (success: True)[0m
[36m2026-07-31 09:40:33.186 DEBUG (MainThread) [custom_components.rss_podcast_journal] Finished fetching rss_podcast_journal data in 0.144 seconds (success: True)[0m
[36m2026-07-31 10:10:33.190 DEBUG (MainThread) [custom_components.rss_podcast_journal] Finished fetching rss_podcast_journal data in 0.157 seconds (success: True)[0m
[36m2026-07-31 10:40:33.166 DEBUG (MainThread) [custom_components.rss_podcast_journal] Finished fetching rss_podcast_journal data in 0.141 seconds (success: True)[0m
[36m2026-07-31 11:10:33.158 DEBUG (MainThread) [custom_components.rss_podcast_journal] Finished fetching rss_podcast_journal data in 0.115 seconds (success: True)[0m
[36m2026-07-31 11:40:33.278 DEBUG (MainThread) [custom_components.rss_podcast_journal] Finished fetching rss_podcast_journal data in 0.192 seconds (success: True)[0m
[36m2026-07-31 12:10:33.205 DEBUG (MainThread) [custom_components.rss_podcast_journal] Finished fetching rss_podcast_journal data in 0.217 seconds (success: True)[0m
[36m2026-07-31 12:40:33.182 DEBUG (MainThread) [custom_components.rss_podcast_journal] Finished fetching rss_podcast_journal data in 0.197 seconds (success: True)[0m
[36m2026-07-31 13:10:33.152 DEBUG (MainThread) [custom_components.rss_podcast_journal] Finished fetching rss_podcast_journal data in 0.117 seconds (success: True)[0m
[36m2026-07-31 13:40:33.175 DEBUG (MainThread) [custom_components.rss_podcast_journal] Finished fetching rss_podcast_journal data in 0.102 seconds (success: True)[0m
[36m2026-07-31 14:10:33.336 DEBUG (MainThread) [custom_components.rss_podcast_journal] Finished fetching rss_podcast_journal data in 0.262 seconds (success: True)[0m
[36m2026-07-31 14:40:33.205 DEBUG (MainThread) [custom_components.rss_podcast_journal] Finished fetching rss_podcast_journal data in 0.129 seconds (success: True)[0m
[36m2026-07-31 15:10:33.344 DEBUG (MainThread) [custom_components.rss_podcast_journal] Finished fetching rss_podcast_journal data in 0.270 seconds (success: True)[0m
[36m2026-07-31 15:40:33.206 DEBUG (MainThread) [custom_components.rss_podcast_journal] Finished fetching rss_podcast_journal data in 0.137 seconds (success: True)[0m
[36m2026-07-31 16:10:33.282 DEBUG (MainThread) [custom_components.rss_podcast_journal] Finished fetching rss_podcast_journal data in 0.185 seconds (success: True)[0m
[36m2026-07-31 16:40:33.326 DEBUG (MainThread) [custom_components.rss_podcast_journal] Finished fetching rss_podcast_journal data in 0.209 seconds (success: True)[0m
[36m2026-07-31 17:10:33.234 DEBUG (MainThread) [custom_components.rss_podcast_journal] Finished fetching rss_podcast_journal data in 0.116 seconds (success: True)[0m
[36m2026-07-31 17:40:33.237 DEBUG (MainThread) [custom_components.rss_podcast_journal] Finished fetching rss_podcast_journal data in 0.133 seconds (success: True)[0m
[36m2026-07-31 18:10:33.187 DEBUG (MainThread) [custom_components.rss_podcast_journal] Finished fetching rss_podcast_journal data in 0.135 seconds (success: True)[0m
[36m2026-07-31 18:40:33.163 DEBUG (MainThread) [custom_components.rss_podcast_journal] Finished fetching rss_podcast_journal data in 0.133 seconds (success: True)[0m
[36m2026-07-31 19:10:33.280 DEBUG (MainThread) [custom_components.rss_podcast_journal] Finished fetching rss_podcast_journal data in 0.206 seconds (success: True)[0m
[36m2026-07-31 19:40:33.166 DEBUG (MainThread) [custom_components.rss_podcast_journal] Finished fetching rss_podcast_journal data in 0.091 seconds (success: True)[0m
[36m2026-07-31 20:10:33.258 DEBUG (MainThread) [custom_components.rss_podcast_journal] Finished fetching rss_podcast_journal data in 0.122 seconds (success: True)[0m
[36m2026-07-31 20:40:33.242 DEBUG (MainThread) [custom_components.rss_podcast_journal] Finished fetching rss_podcast_journal data in 0.151 seconds (success: True)[0m
[36m2026-07-31 21:10:34.167 DEBUG (MainThread) [custom_components.rss_podcast_journal] Finished fetching rss_podcast_journal data in 1.062 seconds (success: True)[0m
[36m2026-07-31 21:40:34.288 DEBUG (MainThread) [custom_components.rss_podcast_journal] Finished fetching rss_podcast_journal data in 0.151 seconds (success: True)[0m
[36m2026-07-31 22:10:35.635 DEBUG (MainThread) [custom_components.rss_podcast_journal] Finished fetching rss_podcast_journal data in 1.513 seconds (success: True)[0m
[36m2026-07-31 22:40:36.631 DEBUG (MainThread) [custom_components.rss_podcast_journal] Finished fetching rss_podcast_journal data in 1.526 seconds (success: True)[0m
[33m2026-07-31 23:10:28.438 WARNING (MainThread) [asyncio] Executing <TimerHandle when=325686.019659948 _TrackTimeInterval._interval_listener(<Job Recorder...nt.py:1631>)>>) created at /usr/local/python/current/lib/python3.14/site-packages/homeassistant/helpers/event.py:1631> took 0.405 seconds[0m
[36m2026-07-31 23:10:37.796 DEBUG (MainThread) [custom_components.rss_podcast_journal] Finished fetching rss_podcast_journal data in 1.656 seconds (success: True)[0m
[36m2026-07-31 23:40:38.702 DEBUG (MainThread) [custom_components.rss_podcast_journal] Finished fetching rss_podcast_journal data in 1.560 seconds (success: True)[0m
[36m2026-08-01 00:10:39.582 DEBUG (MainThread) [custom_components.rss_podcast_journal] Finished fetching rss_podcast_journal data in 1.436 seconds (success: True)[0m
[36m2026-08-01 00:40:39.468 DEBUG (MainThread) [custom_components.rss_podcast_journal] Finished fetching rss_podcast_journal data in 0.374 seconds (success: True)[0m
[33m2026-08-01 00:53:05.782 WARNING (MainThread) [asyncio] Executing <TimerHandle when=331843.783169203 EntityPlatform._async_handle_interval_callback() created at /usr/local/python/current/lib/python3.14/site-packages/homeassistant/helpers/entity_platform.py:793> took 0.107 seconds[0m
[36m2026-08-01 01:10:39.333 DEBUG (MainThread) [custom_components.rss_podcast_journal] Finished fetching rss_podcast_journal data in 0.236 seconds (success: True)[0m
[36m2026-08-01 01:40:40.891 DEBUG (MainThread) [custom_components.rss_podcast_journal] Finished fetching rss_podcast_journal data in 1.796 seconds (success: True)[0m
[36m2026-08-01 02:10:40.288 DEBUG (MainThread) [custom_components.rss_podcast_journal] Finished fetching rss_podcast_journal data in 0.164 seconds (success: True)[0m
[36m2026-08-01 02:40:40.467 DEBUG (MainThread) [custom_components.rss_podcast_journal] Finished fetching rss_podcast_journal data in 0.328 seconds (success: True)[0m
[36m2026-08-01 03:10:40.452 DEBUG (MainThread) [custom_components.rss_podcast_journal] Finished fetching rss_podcast_journal data in 0.345 seconds (success: True)[0m
[36m2026-08-01 03:40:40.378 DEBUG (MainThread) [custom_components.rss_podcast_journal] Finished fetching rss_podcast_journal data in 0.292 seconds (success: True)[0m
[36m2026-08-01 04:10:40.267 DEBUG (MainThread) [custom_components.rss_podcast_journal] Finished fetching rss_podcast_journal data in 0.174 seconds (success: True)[0m
[36m2026-08-01 04:40:40.386 DEBUG (MainThread) [custom_components.rss_podcast_journal] Finished fetching rss_podcast_journal data in 0.301 seconds (success: True)[0m
[36m2026-08-01 05:10:40.354 DEBUG (MainThread) [custom_components.rss_podcast_journal] Finished fetching rss_podcast_journal data in 0.204 seconds (success: True)[0m
[33m2026-08-01 05:21:12.610 WARNING (MainThread) [asyncio] Executing <TimerHandle when=347929.969334785 AsyncEngine._async_cache_cleanup() created at /usr/local/python/current/lib/python3.14/site-packages/zeroconf/_engine.py:144> took 0.674 seconds[0m
[36m2026-08-01 05:40:40.347 DEBUG (MainThread) [custom_components.rss_podcast_journal] Finished fetching rss_podcast_journal data in 0.189 seconds (success: True)[0m
[36m2026-08-01 06:10:40.486 DEBUG (MainThread) [custom_components.rss_podcast_journal] Finished fetching rss_podcast_journal data in 0.338 seconds (success: True)[0m
[36m2026-08-01 06:40:40.354 DEBUG (MainThread) [custom_components.rss_podcast_journal] Finished fetching rss_podcast_journal data in 0.238 seconds (success: True)[0m
[36m2026-08-01 07:10:40.394 DEBUG (MainThread) [custom_components.rss_podcast_journal] Finished fetching rss_podcast_journal data in 0.293 seconds (success: True)[0m
[36m2026-08-01 07:40:40.400 DEBUG (MainThread) [custom_components.rss_podcast_journal] Finished fetching rss_podcast_journal data in 0.290 seconds (success: True)[0m
[36m2026-08-01 08:10:40.426 DEBUG (MainThread) [custom_components.rss_podcast_journal] Finished fetching rss_podcast_journal data in 0.302 seconds (success: True)[0m
[36m2026-08-01 08:40:40.494 DEBUG (MainThread) [custom_components.rss_podcast_journal] Finished fetching rss_podcast_journal data in 0.325 seconds (success: True)[0m
[36m2026-08-01 09:10:40.409 DEBUG (MainThread) [custom_components.rss_podcast_journal] Finished fetching rss_podcast_journal data in 0.273 seconds (success: True)[0m
[36m2026-08-01 09:40:40.336 DEBUG (MainThread) [custom_components.rss_podcast_journal] Finished fetching rss_podcast_journal data in 0.209 seconds (success: True)[0m
[36m2026-08-01 10:10:40.405 DEBUG (MainThread) [custom_components.rss_podcast_journal] Finished fetching rss_podcast_journal data in 0.294 seconds (success: True)[0m
[36m2026-08-01 10:40:40.478 DEBUG (MainThread) [custom_components.rss_podcast_journal] Finished fetching rss_podcast_journal data in 0.367 seconds (success: True)[0m
[36m2026-08-01 11:10:40.451 DEBUG (MainThread) [custom_components.rss_podcast_journal] Finished fetching rss_podcast_journal data in 0.280 seconds (success: True)[0m
[36m2026-08-01 11:40:40.582 DEBUG (MainThread) [custom_components.rss_podcast_journal] Finished fetching rss_podcast_journal data in 0.449 seconds (success: True)[0m
[36m2026-08-01 12:10:40.479 DEBUG (MainThread) [custom_components.rss_podcast_journal] Finished fetching rss_podcast_journal data in 0.356 seconds (success: True)[0m
[36m2026-08-01 12:40:40.409 DEBUG (MainThread) [custom_components.rss_podcast_journal] Finished fetching rss_podcast_journal data in 0.295 seconds (success: True)[0m
[36m2026-08-01 13:10:40.717 DEBUG (MainThread) [custom_components.rss_podcast_journal] Finished fetching rss_podcast_journal data in 0.536 seconds (success: True)[0m
[33m2026-08-01 13:25:54.241 WARNING (MainThread) [asyncio] Executing <TimerHandle when=377011.483516318 _TrackTimeInterval._interval_listener(<Job Recorder...nt.py:1631>)>>) created at /usr/local/python/current/lib/python3.14/site-packages/homeassistant/helpers/event.py:1631> took 0.412 seconds[0m
[36m2026-08-01 13:40:40.761 DEBUG (MainThread) [custom_components.rss_podcast_journal] Finished fetching rss_podcast_journal data in 0.585 seconds (success: True)[0m
[36m2026-08-01 14:10:40.492 DEBUG (MainThread) [custom_components.rss_podcast_journal] Finished fetching rss_podcast_journal data in 0.312 seconds (success: True)[0m
[36m2026-08-01 14:40:40.815 DEBUG (MainThread) [custom_components.rss_podcast_journal] Finished fetching rss_podcast_journal data in 0.667 seconds (success: True)[0m
[36m2026-08-01 15:10:40.549 DEBUG (MainThread) [custom_components.rss_podcast_journal] Finished fetching rss_podcast_journal data in 0.395 seconds (success: True)[0m
[36m2026-08-01 15:40:40.376 DEBUG (MainThread) [custom_components.rss_podcast_journal] Finished fetching rss_podcast_journal data in 0.248 seconds (success: True)[0m
[36m2026-08-01 16:10:40.933 DEBUG (MainThread) [custom_components.rss_podcast_journal] Finished fetching rss_podcast_journal data in 0.805 seconds (success: True)[0m
[36m2026-08-01 16:40:41.433 DEBUG (MainThread) [custom_components.rss_podcast_journal] Finished fetching rss_podcast_journal data in 0.249 seconds (success: True)[0m
[36m2026-08-01 17:10:41.504 DEBUG (MainThread) [custom_components.rss_podcast_journal] Finished fetching rss_podcast_journal data in 0.296 seconds (success: True)[0m
[36m2026-08-01 17:40:41.342 DEBUG (MainThread) [custom_components.rss_podcast_journal] Finished fetching rss_podcast_journal data in 0.183 seconds (success: True)[0m
[36m2026-08-01 18:10:41.339 DEBUG (MainThread) [custom_components.rss_podcast_journal] Finished fetching rss_podcast_journal data in 0.193 seconds (success: True)[0m
[36m2026-08-01 18:40:41.354 DEBUG (MainThread) [custom_components.rss_podcast_journal] Finished fetching rss_podcast_journal data in 0.206 seconds (success: True)[0m
[36m2026-08-01 19:10:41.766 DEBUG (MainThread) [custom_components.rss_podcast_journal] Finished fetching rss_podcast_journal data in 0.612 seconds (success: True)[0m
[36m2026-08-01 19:40:41.588 DEBUG (MainThread) [custom_components.rss_podcast_journal] Finished fetching rss_podcast_journal data in 0.441 seconds (success: True)[0m
[36m2026-08-01 20:10:41.395 DEBUG (MainThread) [custom_components.rss_podcast_journal] Finished fetching rss_podcast_journal data in 0.246 seconds (success: True)[0m
[36m2026-08-01 20:40:41.354 DEBUG (MainThread) [custom_components.rss_podcast_journal] Finished fetching rss_podcast_journal data in 0.179 seconds (success: True)[0m
[36m2026-08-01 21:10:41.445 DEBUG (MainThread) [custom_components.rss_podcast_journal] Finished fetching rss_podcast_journal data in 0.272 seconds (success: True)[0m
[36m2026-08-01 21:40:41.678 DEBUG (MainThread) [custom_components.rss_podcast_journal] Finished fetching rss_podcast_journal data in 0.462 seconds (success: True)[0m
[36m2026-08-01 22:10:42.781 DEBUG (MainThread) [custom_components.rss_podcast_journal] Finished fetching rss_podcast_journal data in 1.556 seconds (success: True)[0m
[36m2026-08-01 22:40:43.996 DEBUG (MainThread) [custom_components.rss_podcast_journal] Finished fetching rss_podcast_journal data in 1.809 seconds (success: True)[0m
[36m2026-08-01 23:10:45.886 DEBUG (MainThread) [custom_components.rss_podcast_journal] Finished fetching rss_podcast_journal data in 1.707 seconds (success: True)[0m
[36m2026-08-01 23:40:46.701 DEBUG (MainThread) [custom_components.rss_podcast_journal] Finished fetching rss_podcast_journal data in 1.507 seconds (success: True)[0m
[36m2026-08-02 00:10:47.979 DEBUG (MainThread) [custom_components.rss_podcast_journal] Finished fetching rss_podcast_journal data in 1.778 seconds (success: True)[0m
[36m2026-08-02 00:40:47.641 DEBUG (MainThread) [custom_components.rss_podcast_journal] Finished fetching rss_podcast_journal data in 0.436 seconds (success: True)[0m
[36m2026-08-02 01:10:47.357 DEBUG (MainThread) [custom_components.rss_podcast_journal] Finished fetching rss_podcast_journal data in 0.149 seconds (success: True)[0m
[36m2026-08-02 01:40:47.535 DEBUG (MainThread) [custom_components.rss_podcast_journal] Finished fetching rss_podcast_journal data in 0.324 seconds (success: True)[0m
[36m2026-08-02 02:10:47.523 DEBUG (MainThread) [custom_components.rss_podcast_journal] Finished fetching rss_podcast_journal data in 0.265 seconds (success: True)[0m
[33m2026-08-02 02:31:16.514 WARNING (MainThread) [asyncio] Executing <TimerHandle when=424133.850327496 _TrackTimeInterval._interval_listener(<Job Recorder...nt.py:1631>)>>) created at /usr/local/python/current/lib/python3.14/site-packages/homeassistant/helpers/event.py:1631> took 0.449 seconds[0m
[36m2026-08-02 02:40:47.599 DEBUG (MainThread) [custom_components.rss_podcast_journal] Finished fetching rss_podcast_journal data in 0.376 seconds (success: True)[0m
[36m2026-08-02 03:10:47.459 DEBUG (MainThread) [custom_components.rss_podcast_journal] Finished fetching rss_podcast_journal data in 0.249 seconds (success: True)[0m
[36m2026-08-02 03:40:47.603 DEBUG (MainThread) [custom_components.rss_podcast_journal] Finished fetching rss_podcast_journal data in 0.340 seconds (success: True)[0m
[36m2026-08-02 04:10:47.439 DEBUG (MainThread) [custom_components.rss_podcast_journal] Finished fetching rss_podcast_journal data in 0.210 seconds (success: True)[0m
[36m2026-08-02 04:40:47.444 DEBUG (MainThread) [custom_components.rss_podcast_journal] Finished fetching rss_podcast_journal data in 0.178 seconds (success: True)[0m
[36m2026-08-02 05:10:47.609 DEBUG (MainThread) [custom_components.rss_podcast_journal] Finished fetching rss_podcast_journal data in 0.381 seconds (success: True)[0m
[36m2026-08-02 05:40:47.523 DEBUG (MainThread) [custom_components.rss_podcast_journal] Finished fetching rss_podcast_journal data in 0.295 seconds (success: True)[0m
[36m2026-08-02 06:10:47.614 DEBUG (MainThread) [custom_components.rss_podcast_journal] Finished fetching rss_podcast_journal data in 0.332 seconds (success: True)[0m
[36m2026-08-02 06:40:47.469 DEBUG (MainThread) [custom_components.rss_podcast_journal] Finished fetching rss_podcast_journal data in 0.196 seconds (success: True)[0m
[36m2026-08-02 07:10:47.536 DEBUG (MainThread) [custom_components.rss_podcast_journal] Finished fetching rss_podcast_journal data in 0.286 seconds (success: True)[0m
[36m2026-08-02 07:40:47.892 DEBUG (MainThread) [custom_components.rss_podcast_journal] Finished fetching rss_podcast_journal data in 0.605 seconds (success: True)[0m
[36m2026-08-02 08:10:51.176 DEBUG (MainThread) [custom_components.rss_podcast_journal] Finished fetching rss_podcast_journal data in 3.878 seconds (success: True)[0m
[36m2026-08-02 08:40:51.591 DEBUG (MainThread) [custom_components.rss_podcast_journal] Finished fetching rss_podcast_journal data in 0.325 seconds (success: True)[0m
[36m2026-08-02 09:10:51.514 DEBUG (MainThread) [custom_components.rss_podcast_journal] Finished fetching rss_podcast_journal data in 0.277 seconds (success: True)[0m
[36m2026-08-02 09:40:51.598 DEBUG (MainThread) [custom_components.rss_podcast_journal] Finished fetching rss_podcast_journal data in 0.298 seconds (success: True)[0m
[33m2026-08-02 10:07:53.497 WARNING (MainThread) [asyncio] Executing <TimerHandle when=451531.25943911 _TrackTimeInterval._interval_listener(<Job Recorder...nt.py:1631>)>>) created at /usr/local/python/current/lib/python3.14/site-packages/homeassistant/helpers/event.py:1631> took 0.117 seconds[0m
[36m2026-08-02 10:10:51.572 DEBUG (MainThread) [custom_components.rss_podcast_journal] Finished fetching rss_podcast_journal data in 0.266 seconds (success: True)[0m
[36m2026-08-02 10:40:51.532 DEBUG (MainThread) [custom_components.rss_podcast_journal] Finished fetching rss_podcast_journal data in 0.218 seconds (success: True)[0m
[36m2026-08-02 11:10:51.574 DEBUG (MainThread) [custom_components.rss_podcast_journal] Finished fetching rss_podcast_journal data in 0.273 seconds (success: True)[0m
[36m2026-08-02 11:40:51.538 DEBUG (MainThread) [custom_components.rss_podcast_journal] Finished fetching rss_podcast_journal data in 0.264 seconds (success: True)[0m
[36m2026-08-02 12:10:51.685 DEBUG (MainThread) [custom_components.rss_podcast_journal] Finished fetching rss_podcast_journal data in 0.417 seconds (success: True)[0m
[36m2026-08-02 12:40:51.545 DEBUG (MainThread) [custom_components.rss_podcast_journal] Finished fetching rss_podcast_journal data in 0.291 seconds (success: True)[0m
[36m2026-08-02 13:10:51.577 DEBUG (MainThread) [custom_components.rss_podcast_journal] Finished fetching rss_podcast_journal data in 0.307 seconds (success: True)[0m
[36m2026-08-02 13:40:51.784 DEBUG (MainThread) [custom_components.rss_podcast_journal] Finished fetching rss_podcast_journal data in 0.483 seconds (success: True)[0m
[36m2026-08-02 14:10:51.806 DEBUG (MainThread) [custom_components.rss_podcast_journal] Finished fetching rss_podcast_journal data in 0.528 seconds (success: True)[0m
[36m2026-08-02 14:40:51.655 DEBUG (MainThread) [custom_components.rss_podcast_journal] Finished fetching rss_podcast_journal data in 0.382 seconds (success: True)[0m
[36m2026-08-02 15:10:51.666 DEBUG (MainThread) [custom_components.rss_podcast_journal] Finished fetching rss_podcast_journal data in 0.375 seconds (success: True)[0m
[36m2026-08-02 15:40:51.544 DEBUG (MainThread) [custom_components.rss_podcast_journal] Finished fetching rss_podcast_journal data in 0.221 seconds (success: True)[0m
[36m2026-08-02 16:10:51.663 DEBUG (MainThread) [custom_components.rss_podcast_journal] Finished fetching rss_podcast_journal data in 0.337 seconds (success: True)[0m
[36m2026-08-02 16:40:51.797 DEBUG (MainThread) [custom_components.rss_podcast_journal] Finished fetching rss_podcast_journal data in 0.497 seconds (success: True)[0m
[36m2026-08-02 17:10:51.570 DEBUG (MainThread) [custom_components.rss_podcast_journal] Finished fetching rss_podcast_journal data in 0.277 seconds (success: True)[0m
[36m2026-08-02 17:40:51.670 DEBUG (MainThread) [custom_components.rss_podcast_journal] Finished fetching rss_podcast_journal data in 0.392 seconds (success: True)[0m
[36m2026-08-02 18:10:51.594 DEBUG (MainThread) [custom_components.rss_podcast_journal] Finished fetching rss_podcast_journal data in 0.264 seconds (success: True)[0m
[36m2026-08-02 18:40:51.519 DEBUG (MainThread) [custom_components.rss_podcast_journal] Finished fetching rss_podcast_journal data in 0.211 seconds (success: True)[0m
[36m2026-08-02 19:10:51.605 DEBUG (MainThread) [custom_components.rss_podcast_journal] Finished fetching rss_podcast_journal data in 0.289 seconds (success: True)[0m
[36m2026-08-02 19:40:51.586 DEBUG (MainThread) [custom_components.rss_podcast_journal] Finished fetching rss_podcast_journal data in 0.282 seconds (success: True)[0m
[36m2026-08-02 20:10:51.651 DEBUG (MainThread) [custom_components.rss_podcast_journal] Finished fetching rss_podcast_journal data in 0.308 seconds (success: True)[0m
[33m2026-08-02 20:31:20.568 WARNING (MainThread) [asyncio] Executing <TimerHandle when=488938.179046154 _TrackPointUTCTime(hass=<HomeAssistant RUNNING>, job=<Job time change listener None:None:range(0, 60, 5) <bound method DeviceTracker.async_update_stale of <homeassistant.components.device_tracker.legacy.DeviceTracker object at 0xffff4f3d2660>> HassJobType.Callback <bound method _TrackUTCTimeChange._pattern_time_change_listener of _TrackUTCTimeChange(hass=<HomeAssistant RUNNING>, time_match_expression=([0, 5, 10, 15, 20, 25, 30, 35, 40, 45, 50, 55], [0, 1, 2, 3, 4, 5, 6, 7, 8, 9, 10, 11, 12, 13, 14, 15, 16, 17, 18, 19, 20, 21, 22, 23, 24, 25, 26, 27, 28, 29, 30, 31, 32, 33, 34, 35, 36, 37, 38, 39, 40, 41, 42, 43, 44, 45, 46, 47, 48, 49, 50, 51, 52, 53, 54, 55, 56, 57, 58, 59], [0, 1, 2, 3, 4, 5, 6, 7, 8, 9, 10, 11, 12, 13, 14, 15, 16, 17, 18, 19, 20, 21, 22, 23]), microsecond=333289, local=False, job=<Job track time change None:None:range(0, 60, 5) local=False HassJobType.Callback <bound method DeviceTracker.async_update_stale of <homeassistant.components.device_tracker.legacy.DeviceTracker object at 0xffff4f3d2660>>>, listener_job_name='time change listener None:None:range(0, 60, 5) <bound method DeviceTracker.async_update_stale of <homeassistant.components.device_tracker.legacy.DeviceTracker object at 0xffff4f3d2660>>', _pattern_time_change_listener_job=<Job time change listener None:None:range(0, 60, 5) <bound method DeviceTracker.async_update_stale of <homeassistant.components.device_tracker.legacy.DeviceTracker object at 0xffff4f3d2660>> HassJobType.Callback <bound method _TrackUTCTimeChange._pattern_time_change_listener of ...>>, _cancel_callback=<bound method _TrackPointUTCTime.async_cancel of _TrackPointUTCTime(hass=<HomeAssistant RUNNING>, job=<Job time change listener None:None:range(0, 60, 5) <bound method DeviceTracker.async_update_stale of <homeassistant.components.device_tracker.legacy.DeviceTracker object at 0xffff4f3d2660>> HassJobType.Callback <bound method _TrackUTCTimeChange._pattern_time_change_listener of ...>>, utc_point_in_time=datetime.datetime(2026, 8, 2, 20, 31, 25, 333289, tzinfo=datetime.timezone.utc), expected_fire_timestamp=1785702685.333289, _cancel_callback=<TimerHandle when=488943.17894768715 ...() created at /usr/local/python/current/lib/python3.14/site-packages/homeassistant/helpers/event.py:1485>)>)>>, utc_point_in_time=datetime.datetime(2026, 8, 2, 20, 31, 20, 333289, tzinfo=datetime.timezone.utc), expected_fire_timestamp=1785702680.333289, _cancel_callback=<TimerHandle when=488938.179046154 ...() created at /usr/local/python/current/lib/python3.14/site-packages/homeassistant/helpers/event.py:1485>)() created at /usr/local/python/current/lib/python3.14/site-packages/homeassistant/helpers/event.py:1485> took 0.225 seconds[0m
[36m2026-08-02 20:40:51.669 DEBUG (MainThread) [custom_components.rss_podcast_journal] Finished fetching rss_podcast_journal data in 0.317 seconds (success: True)[0m
[36m2026-08-02 21:10:51.589 DEBUG (MainThread) [custom_components.rss_podcast_journal] Finished fetching rss_podcast_journal data in 0.245 seconds (success: True)[0m
[36m2026-08-02 21:40:51.558 DEBUG (MainThread) [custom_components.rss_podcast_journal] Finished fetching rss_podcast_journal data in 0.270 seconds (success: True)[0m
[36m2026-08-02 22:10:53.052 DEBUG (MainThread) [custom_components.rss_podcast_journal] Finished fetching rss_podcast_journal data in 1.791 seconds (success: True)[0m
[36m2026-08-02 22:40:54.088 DEBUG (MainThread) [custom_components.rss_podcast_journal] Finished fetching rss_podcast_journal data in 1.753 seconds (success: True)[0m
[36m2026-08-02 23:10:55.501 DEBUG (MainThread) [custom_components.rss_podcast_journal] Finished fetching rss_podcast_journal data in 2.190 seconds (success: True)[0m
[36m2026-08-02 23:40:57.059 DEBUG (MainThread) [custom_components.rss_podcast_journal] Finished fetching rss_podcast_journal data in 1.741 seconds (success: True)[0m
[36m2026-08-03 00:10:58.119 DEBUG (MainThread) [custom_components.rss_podcast_journal] Finished fetching rss_podcast_journal data in 1.739 seconds (success: True)[0m
[36m2026-08-03 00:40:57.938 DEBUG (MainThread) [custom_components.rss_podcast_journal] Finished fetching rss_podcast_journal data in 0.534 seconds (success: True)[0m
[36m2026-08-03 01:10:57.824 DEBUG (MainThread) [custom_components.rss_podcast_journal] Finished fetching rss_podcast_journal data in 0.479 seconds (success: True)[0m
[36m2026-08-03 01:40:57.781 DEBUG (MainThread) [custom_components.rss_podcast_journal] Finished fetching rss_podcast_journal data in 0.442 seconds (success: True)[0m
[36m2026-08-03 02:10:57.391 DEBUG (MainThread) [custom_components.rss_podcast_journal] Finished fetching rss_podcast_journal data in 0.229 seconds (success: True)[0m
[36m2026-08-03 02:40:57.574 DEBUG (MainThread) [custom_components.rss_podcast_journal] Finished fetching rss_podcast_journal data in 0.314 seconds (success: True)[0m
[36m2026-08-03 03:10:57.572 DEBUG (MainThread) [custom_components.rss_podcast_journal] Finished fetching rss_podcast_journal data in 0.251 seconds (success: True)[0m
[36m2026-08-03 03:40:57.596 DEBUG (MainThread) [custom_components.rss_podcast_journal] Finished fetching rss_podcast_journal data in 0.214 seconds (success: True)[0m
[36m2026-08-03 04:10:57.805 DEBUG (MainThread) [custom_components.rss_podcast_journal] Finished fetching rss_podcast_journal data in 0.427 seconds (success: True)[0m
[36m2026-08-03 04:40:57.913 DEBUG (MainThread) [custom_components.rss_podcast_journal] Finished fetching rss_podcast_journal data in 0.492 seconds (success: True)[0m
[36m2026-08-03 05:10:57.535 DEBUG (MainThread) [custom_components.rss_podcast_journal] Finished fetching rss_podcast_journal data in 0.153 seconds (success: True)[0m
[36m2026-08-03 05:40:57.551 DEBUG (MainThread) [custom_components.rss_podcast_journal] Finished fetching rss_podcast_journal data in 0.175 seconds (success: True)[0m
[36m2026-08-03 06:10:57.553 DEBUG (MainThread) [custom_components.rss_podcast_journal] Finished fetching rss_podcast_journal data in 0.163 seconds (success: True)[0m
[36m2026-08-03 06:40:57.599 DEBUG (MainThread) [custom_components.rss_podcast_journal] Finished fetching rss_podcast_journal data in 0.210 seconds (success: True)[0m
[36m2026-08-03 07:10:57.871 DEBUG (MainThread) [custom_components.rss_podcast_journal] Finished fetching rss_podcast_journal data in 0.463 seconds (success: True)[0m
[36m2026-08-03 07:40:57.524 DEBUG (MainThread) [custom_components.rss_podcast_journal] Finished fetching rss_podcast_journal data in 0.136 seconds (success: True)[0m
[36m2026-08-03 08:10:57.505 DEBUG (MainThread) [custom_components.rss_podcast_journal] Finished fetching rss_podcast_journal data in 0.116 seconds (success: True)[0m
[36m2026-08-03 08:40:57.623 DEBUG (MainThread) [custom_components.rss_podcast_journal] Finished fetching rss_podcast_journal data in 0.181 seconds (success: True)[0m
[36m2026-08-03 09:10:57.633 DEBUG (MainThread) [custom_components.rss_podcast_journal] Finished fetching rss_podcast_journal data in 0.186 seconds (success: True)[0m
[36m2026-08-03 09:40:58.041 DEBUG (MainThread) [custom_components.rss_podcast_journal] Finished fetching rss_podcast_journal data in 0.601 seconds (success: True)[0m
[36m2026-08-03 10:10:57.538 DEBUG (MainThread) [custom_components.rss_podcast_journal] Finished fetching rss_podcast_journal data in 0.115 seconds (success: True)[0m
[36m2026-08-03 10:40:57.700 DEBUG (MainThread) [custom_components.rss_podcast_journal] Finished fetching rss_podcast_journal data in 0.301 seconds (success: True)[0m
[36m2026-08-03 11:10:57.535 DEBUG (MainThread) [custom_components.rss_podcast_journal] Finished fetching rss_podcast_journal data in 0.098 seconds (success: True)[0m
[36m2026-08-03 11:40:57.567 DEBUG (MainThread) [custom_components.rss_podcast_journal] Finished fetching rss_podcast_journal data in 0.119 seconds (success: True)[0m
[36m2026-08-03 12:10:57.641 DEBUG (MainThread) [custom_components.rss_podcast_journal] Finished fetching rss_podcast_journal data in 0.184 seconds (success: True)[0m
[36m2026-08-03 12:40:57.603 DEBUG (MainThread) [custom_components.rss_podcast_journal] Finished fetching rss_podcast_journal data in 0.144 seconds (success: True)[0m
[36m2026-08-03 13:10:59.235 DEBUG (MainThread) [custom_components.rss_podcast_journal] Finished fetching rss_podcast_journal data in 1.799 seconds (success: True)[0m
[36m2026-08-03 13:40:58.517 DEBUG (MainThread) [custom_components.rss_podcast_journal] Finished fetching rss_podcast_journal data in 0.106 seconds (success: True)[0m
[36m2026-08-03 14:10:58.636 DEBUG (MainThread) [custom_components.rss_podcast_journal] Finished fetching rss_podcast_journal data in 0.177 seconds (success: True)[0m
[36m2026-08-03 14:40:58.609 DEBUG (MainThread) [custom_components.rss_podcast_journal] Finished fetching rss_podcast_journal data in 0.173 seconds (success: True)[0m
[33m2026-08-03 15:04:18.963 WARNING (MainThread) [asyncio] Executing <TimerHandle when=555716.26915859 EntityPlatform._async_handle_interval_callback() created at /usr/local/python/current/lib/python3.14/site-packages/homeassistant/helpers/entity_platform.py:793> took 0.112 seconds[0m
[36m2026-08-03 15:10:58.528 DEBUG (MainThread) [custom_components.rss_podcast_journal] Finished fetching rss_podcast_journal data in 0.122 seconds (success: True)[0m
[36m2026-08-03 15:40:58.632 DEBUG (MainThread) [custom_components.rss_podcast_journal] Finished fetching rss_podcast_journal data in 0.157 seconds (success: True)[0m
[36m2026-08-03 16:10:58.581 DEBUG (MainThread) [custom_components.rss_podcast_journal] Finished fetching rss_podcast_journal data in 0.151 seconds (success: True)[0m
[36m2026-08-03 16:40:58.599 DEBUG (MainThread) [custom_components.rss_podcast_journal] Finished fetching rss_podcast_journal data in 0.161 seconds (success: True)[0m
[36m2026-08-03 17:10:58.595 DEBUG (MainThread) [custom_components.rss_podcast_journal] Finished fetching rss_podcast_journal data in 0.137 seconds (success: True)[0m
[36m2026-08-03 17:40:58.646 DEBUG (MainThread) [custom_components.rss_podcast_journal] Finished fetching rss_podcast_journal data in 0.165 seconds (success: True)[0m
[36m2026-08-03 18:10:58.649 DEBUG (MainThread) [custom_components.rss_podcast_journal] Finished fetching rss_podcast_journal data in 0.160 seconds (success: True)[0m
[36m2026-08-03 18:40:58.627 DEBUG (MainThread) [custom_components.rss_podcast_journal] Finished fetching rss_podcast_journal data in 0.183 seconds (success: True)[0m
[36m2026-08-03 19:10:58.571 DEBUG (MainThread) [custom_components.rss_podcast_journal] Finished fetching rss_podcast_journal data in 0.089 seconds (success: True)[0m
[36m2026-08-03 19:40:58.592 DEBUG (MainThread) [custom_components.rss_podcast_journal] Finished fetching rss_podcast_journal data in 0.115 seconds (success: True)[0m
[36m2026-08-03 20:10:58.859 DEBUG (MainThread) [custom_components.rss_podcast_journal] Finished fetching rss_podcast_journal data in 0.364 seconds (success: True)[0m
[36m2026-08-03 20:40:58.693 DEBUG (MainThread) [custom_components.rss_podcast_journal] Finished fetching rss_podcast_journal data in 0.195 seconds (success: True)[0m
[36m2026-08-03 21:10:58.627 DEBUG (MainThread) [custom_components.rss_podcast_journal] Finished fetching rss_podcast_journal data in 0.154 seconds (success: True)[0m
[36m2026-08-03 21:40:58.613 DEBUG (MainThread) [custom_components.rss_podcast_journal] Finished fetching rss_podcast_journal data in 0.150 seconds (success: True)[0m
[36m2026-08-03 22:11:00.338 DEBUG (MainThread) [custom_components.rss_podcast_journal] Finished fetching rss_podcast_journal data in 1.822 seconds (success: True)[0m
[36m2026-08-03 22:41:02.385 DEBUG (MainThread) [custom_components.rss_podcast_journal] Finished fetching rss_podcast_journal data in 1.896 seconds (success: True)[0m
[36m2026-08-03 23:11:04.080 DEBUG (MainThread) [custom_components.rss_podcast_journal] Finished fetching rss_podcast_journal data in 1.602 seconds (success: True)[0m
[36m2026-08-03 23:41:05.136 DEBUG (MainThread) [custom_components.rss_podcast_journal] Finished fetching rss_podcast_journal data in 1.617 seconds (success: True)[0m
[36m2026-08-04 00:11:06.726 DEBUG (MainThread) [custom_components.rss_podcast_journal] Finished fetching rss_podcast_journal data in 2.236 seconds (success: True)[0m
[36m2026-08-04 00:41:06.866 DEBUG (MainThread) [custom_components.rss_podcast_journal] Finished fetching rss_podcast_journal data in 0.382 seconds (success: True)[0m
[36m2026-08-04 01:11:06.717 DEBUG (MainThread) [custom_components.rss_podcast_journal] Finished fetching rss_podcast_journal data in 0.211 seconds (success: True)[0m
[36m2026-08-04 01:41:06.724 DEBUG (MainThread) [custom_components.rss_podcast_journal] Finished fetching rss_podcast_journal data in 0.232 seconds (success: True)[0m
[36m2026-08-04 02:11:06.688 DEBUG (MainThread) [custom_components.rss_podcast_journal] Finished fetching rss_podcast_journal data in 0.188 seconds (success: True)[0m
[36m2026-08-04 02:41:06.738 DEBUG (MainThread) [custom_components.rss_podcast_journal] Finished fetching rss_podcast_journal data in 0.178 seconds (success: True)[0m
[36m2026-08-04 03:11:06.830 DEBUG (MainThread) [custom_components.rss_podcast_journal] Finished fetching rss_podcast_journal data in 0.261 seconds (success: True)[0m
[36m2026-08-04 03:41:06.740 DEBUG (MainThread) [custom_components.rss_podcast_journal] Finished fetching rss_podcast_journal data in 0.223 seconds (success: True)[0m
[36m2026-08-04 04:11:06.925 DEBUG (MainThread) [custom_components.rss_podcast_journal] Finished fetching rss_podcast_journal data in 0.415 seconds (success: True)[0m
[36m2026-08-04 04:41:06.753 DEBUG (MainThread) [custom_components.rss_podcast_journal] Finished fetching rss_podcast_journal data in 0.196 seconds (success: True)[0m
[36m2026-08-04 05:11:06.664 DEBUG (MainThread) [custom_components.rss_podcast_journal] Finished fetching rss_podcast_journal data in 0.134 seconds (success: True)[0m
[36m2026-08-04 05:41:06.674 DEBUG (MainThread) [custom_components.rss_podcast_journal] Finished fetching rss_podcast_journal data in 0.134 seconds (success: True)[0m
[36m2026-08-04 06:11:06.779 DEBUG (MainThread) [custom_components.rss_podcast_journal] Finished fetching rss_podcast_journal data in 0.208 seconds (success: True)[0m
[36m2026-08-04 06:41:06.731 DEBUG (MainThread) [custom_components.rss_podcast_journal] Finished fetching rss_podcast_journal data in 0.145 seconds (success: True)[0m
[36m2026-08-04 07:11:06.699 DEBUG (MainThread) [custom_components.rss_podcast_journal] Finished fetching rss_podcast_journal data in 0.122 seconds (success: True)[0m
[36m2026-08-04 07:41:06.649 DEBUG (MainThread) [custom_components.rss_podcast_journal] Finished fetching rss_podcast_journal data in 0.096 seconds (success: True)[0m
[36m2026-08-04 08:11:06.651 DEBUG (MainThread) [custom_components.rss_podcast_journal] Finished fetching rss_podcast_journal data in 0.111 seconds (success: True)[0m
[36m2026-08-04 08:41:06.632 DEBUG (MainThread) [custom_components.rss_podcast_journal] Finished fetching rss_podcast_journal data in 0.117 seconds (success: True)[0m
[36m2026-08-04 09:11:06.723 DEBUG (MainThread) [custom_components.rss_podcast_journal] Finished fetching rss_podcast_journal data in 0.207 seconds (success: True)[0m
[36m2026-08-04 09:41:06.692 DEBUG (MainThread) [custom_components.rss_podcast_journal] Finished fetching rss_podcast_journal data in 0.152 seconds (success: True)[0m
[36m2026-08-04 10:11:06.694 DEBUG (MainThread) [custom_components.rss_podcast_journal] Finished fetching rss_podcast_journal data in 0.142 seconds (success: True)[0m
[36m2026-08-04 10:41:06.728 DEBUG (MainThread) [custom_components.rss_podcast_journal] Finished fetching rss_podcast_journal data in 0.160 seconds (success: True)[0m
[36m2026-08-04 11:11:06.797 DEBUG (MainThread) [custom_components.rss_podcast_journal] Finished fetching rss_podcast_journal data in 0.204 seconds (success: True)[0m
[36m2026-08-04 11:41:06.833 DEBUG (MainThread) [custom_components.rss_podcast_journal] Finished fetching rss_podcast_journal data in 0.229 seconds (success: True)[0m
[36m2026-08-04 12:11:06.755 DEBUG (MainThread) [custom_components.rss_podcast_journal] Finished fetching rss_podcast_journal data in 0.198 seconds (success: True)[0m
[36m2026-08-04 12:41:06.719 DEBUG (MainThread) [custom_components.rss_podcast_journal] Finished fetching rss_podcast_journal data in 0.139 seconds (success: True)[0m
[36m2026-08-04 13:11:06.698 DEBUG (MainThread) [custom_components.rss_podcast_journal] Finished fetching rss_podcast_journal data in 0.134 seconds (success: True)[0m
[33m2026-08-04 13:28:05.845 WARNING (MainThread) [asyncio] Executing <TimerHandle when=636342.9678878784 _TrackPointUTCTime(hass=<HomeAssistant RUNNING>, job=<Job time change listener None:None:range(0, 60, 5) <bound method DeviceTracker.async_update_stale of <homeassistant.components.device_tracker.legacy.DeviceTracker object at 0xffff4f3d2660>> HassJobType.Callback <bound method _TrackUTCTimeChange._pattern_time_change_listener of _TrackUTCTimeChange(hass=<HomeAssistant RUNNING>, time_match_expression=([0, 5, 10, 15, 20, 25, 30, 35, 40, 45, 50, 55], [0, 1, 2, 3, 4, 5, 6, 7, 8, 9, 10, 11, 12, 13, 14, 15, 16, 17, 18, 19, 20, 21, 22, 23, 24, 25, 26, 27, 28, 29, 30, 31, 32, 33, 34, 35, 36, 37, 38, 39, 40, 41, 42, 43, 44, 45, 46, 47, 48, 49, 50, 51, 52, 53, 54, 55, 56, 57, 58, 59], [0, 1, 2, 3, 4, 5, 6, 7, 8, 9, 10, 11, 12, 13, 14, 15, 16, 17, 18, 19, 20, 21, 22, 23]), microsecond=333289, local=False, job=<Job track time change None:None:range(0, 60, 5) local=False HassJobType.Callback <bound method DeviceTracker.async_update_stale of <homeassistant.components.device_tracker.legacy.DeviceTracker object at 0xffff4f3d2660>>>, listener_job_name='time change listener None:None:range(0, 60, 5) <bound method DeviceTracker.async_update_stale of <homeassistant.components.device_tracker.legacy.DeviceTracker object at 0xffff4f3d2660>>', _pattern_time_change_listener_job=<Job time change listener None:None:range(0, 60, 5) <bound method DeviceTracker.async_update_stale of <homeassistant.components.device_tracker.legacy.DeviceTracker object at 0xffff4f3d2660>> HassJobType.Callback <bound method _TrackUTCTimeChange._pattern_time_change_listener of ...>>, _cancel_callback=<bound method _TrackPointUTCTime.async_cancel of _TrackPointUTCTime(hass=<HomeAssistant RUNNING>, job=<Job time change listener None:None:range(0, 60, 5) <bound method DeviceTracker.async_update_stale of <homeassistant.components.device_tracker.legacy.DeviceTracker object at 0xffff4f3d2660>> HassJobType.Callback <bound method _TrackUTCTimeChange._pattern_time_change_listener of ...>>, utc_point_in_time=datetime.datetime(2026, 8, 4, 13, 28, 10, 333289, tzinfo=datetime.timezone.utc), expected_fire_timestamp=1785850090.333289, _cancel_callback=<TimerHandle when=636347.9678764343 ...() created at /usr/local/python/current/lib/python3.14/site-packages/homeassistant/helpers/event.py:1485>)>)>>, utc_point_in_time=datetime.datetime(2026, 8, 4, 13, 28, 5, 333289, tzinfo=datetime.timezone.utc), expected_fire_timestamp=1785850085.333289, _cancel_callback=<TimerHandle when=636342.9678878784 ...() created at /usr/local/python/current/lib/python3.14/site-packages/homeassistant/helpers/event.py:1485>)() created at /usr/local/python/current/lib/python3.14/site-packages/homeassistant/helpers/event.py:1485> took 0.160 seconds[0m
[36m2026-08-04 13:41:06.763 DEBUG (MainThread) [custom_components.rss_podcast_journal] Finished fetching rss_podcast_journal data in 0.174 seconds (success: True)[0m
[36m2026-08-04 14:11:06.730 DEBUG (MainThread) [custom_components.rss_podcast_journal] Finished fetching rss_podcast_journal data in 0.133 seconds (success: True)[0m
[36m2026-08-04 14:41:06.815 DEBUG (MainThread) [custom_components.rss_podcast_journal] Finished fetching rss_podcast_journal data in 0.193 seconds (success: True)[0m
[36m2026-08-04 15:11:06.817 DEBUG (MainThread) [custom_components.rss_podcast_journal] Finished fetching rss_podcast_journal data in 0.173 seconds (success: True)[0m
[36m2026-08-04 15:41:06.747 DEBUG (MainThread) [custom_components.rss_podcast_journal] Finished fetching rss_podcast_journal data in 0.142 seconds (success: True)[0m
[36m2026-08-04 16:11:06.708 DEBUG (MainThread) [custom_components.rss_podcast_journal] Finished fetching rss_podcast_journal data in 0.137 seconds (success: True)[0m
[36m2026-08-04 16:41:06.714 DEBUG (MainThread) [custom_components.rss_podcast_journal] Finished fetching rss_podcast_journal data in 0.105 seconds (success: True)[0m
[33m2026-08-04 16:43:50.614 WARNING (MainThread) [asyncio] Executing <TimerHandle when=648087.9228768349 _TrackPointUTCTime(hass=<HomeAssistant RUNNING>, job=<Job time change listener None:None:range(0, 60, 5) <bound method DeviceTracker.async_update_stale of <homeassistant.components.device_tracker.legacy.DeviceTracker object at 0xffff4f3d2660>> HassJobType.Callback <bound method _TrackUTCTimeChange._pattern_time_change_listener of _TrackUTCTimeChange(hass=<HomeAssistant RUNNING>, time_match_expression=([0, 5, 10, 15, 20, 25, 30, 35, 40, 45, 50, 55], [0, 1, 2, 3, 4, 5, 6, 7, 8, 9, 10, 11, 12, 13, 14, 15, 16, 17, 18, 19, 20, 21, 22, 23, 24, 25, 26, 27, 28, 29, 30, 31, 32, 33, 34, 35, 36, 37, 38, 39, 40, 41, 42, 43, 44, 45, 46, 47, 48, 49, 50, 51, 52, 53, 54, 55, 56, 57, 58, 59], [0, 1, 2, 3, 4, 5, 6, 7, 8, 9, 10, 11, 12, 13, 14, 15, 16, 17, 18, 19, 20, 21, 22, 23]), microsecond=333289, local=False, job=<Job track time change None:None:range(0, 60, 5) local=False HassJobType.Callback <bound method DeviceTracker.async_update_stale of <homeassistant.components.device_tracker.legacy.DeviceTracker object at 0xffff4f3d2660>>>, listener_job_name='time change listener None:None:range(0, 60, 5) <bound method DeviceTracker.async_update_stale of <homeassistant.components.device_tracker.legacy.DeviceTracker object at 0xffff4f3d2660>>', _pattern_time_change_listener_job=<Job time change listener None:None:range(0, 60, 5) <bound method DeviceTracker.async_update_stale of <homeassistant.components.device_tracker.legacy.DeviceTracker object at 0xffff4f3d2660>> HassJobType.Callback <bound method _TrackUTCTimeChange._pattern_time_change_listener of ...>>, _cancel_callback=<bound method _TrackPointUTCTime.async_cancel of _TrackPointUTCTime(hass=<HomeAssistant RUNNING>, job=<Job time change listener None:None:range(0, 60, 5) <bound method DeviceTracker.async_update_stale of <homeassistant.components.device_tracker.legacy.DeviceTracker object at 0xffff4f3d2660>> HassJobType.Callback <bound method _TrackUTCTimeChange._pattern_time_change_listener of ...>>, utc_point_in_time=datetime.datetime(2026, 8, 4, 16, 43, 55, 333289, tzinfo=datetime.timezone.utc), expected_fire_timestamp=1785861835.333289, _cancel_callback=<TimerHandle when=648092.9228420258 ...() created at /usr/local/python/current/lib/python3.14/site-packages/homeassistant/helpers/event.py:1485>)>)>>, utc_point_in_time=datetime.datetime(2026, 8, 4, 16, 43, 50, 333289, tzinfo=datetime.timezone.utc), expected_fire_timestamp=1785861830.333289, _cancel_callback=<TimerHandle when=648087.9228768349 ...() created at /usr/local/python/current/lib/python3.14/site-packages/homeassistant/helpers/event.py:1485>)() created at /usr/local/python/current/lib/python3.14/site-packages/homeassistant/helpers/event.py:1485> took 0.165 seconds[0m
[36m2026-08-04 17:11:06.774 DEBUG (MainThread) [custom_components.rss_podcast_journal] Finished fetching rss_podcast_journal data in 0.166 seconds (success: True)[0m
[36m2026-08-04 17:41:06.979 DEBUG (MainThread) [custom_components.rss_podcast_journal] Finished fetching rss_podcast_journal data in 0.321 seconds (success: True)[0m
[36m2026-08-04 18:11:06.841 DEBUG (MainThread) [custom_components.rss_podcast_journal] Finished fetching rss_podcast_journal data in 0.201 seconds (success: True)[0m
[36m2026-08-04 18:41:06.776 DEBUG (MainThread) [custom_components.rss_podcast_journal] Finished fetching rss_podcast_journal data in 0.164 seconds (success: True)[0m
[36m2026-08-04 19:11:06.762 DEBUG (MainThread) [custom_components.rss_podcast_journal] Finished fetching rss_podcast_journal data in 0.160 seconds (success: True)[0m
[36m2026-08-04 19:41:06.822 DEBUG (MainThread) [custom_components.rss_podcast_journal] Finished fetching rss_podcast_journal data in 0.184 seconds (success: True)[0m
[36m2026-08-04 20:11:06.989 DEBUG (MainThread) [custom_components.rss_podcast_journal] Finished fetching rss_podcast_journal data in 0.331 seconds (success: True)[0m
[36m2026-08-04 20:41:06.773 DEBUG (MainThread) [custom_components.rss_podcast_journal] Finished fetching rss_podcast_journal data in 0.155 seconds (success: True)[0m
[36m2026-08-04 21:11:06.968 DEBUG (MainThread) [custom_components.rss_podcast_journal] Finished fetching rss_podcast_journal data in 0.312 seconds (success: True)[0m
[36m2026-08-04 21:41:06.823 DEBUG (MainThread) [custom_components.rss_podcast_journal] Finished fetching rss_podcast_journal data in 0.155 seconds (success: True)[0m
[36m2026-08-04 22:11:09.075 DEBUG (MainThread) [custom_components.rss_podcast_journal] Finished fetching rss_podcast_journal data in 2.410 seconds (success: True)[0m
[36m2026-08-04 22:41:10.193 DEBUG (MainThread) [custom_components.rss_podcast_journal] Finished fetching rss_podcast_journal data in 1.521 seconds (success: True)[0m
[36m2026-08-04 23:11:11.913 DEBUG (MainThread) [custom_components.rss_podcast_journal] Finished fetching rss_podcast_journal data in 2.237 seconds (success: True)[0m
[36m2026-08-04 23:41:13.207 DEBUG (MainThread) [custom_components.rss_podcast_journal] Finished fetching rss_podcast_journal data in 1.573 seconds (success: True)[0m
[36m2026-08-05 00:11:14.049 DEBUG (MainThread) [custom_components.rss_podcast_journal] Finished fetching rss_podcast_journal data in 1.423 seconds (success: True)[0m
[36m2026-08-05 00:41:14.054 DEBUG (MainThread) [custom_components.rss_podcast_journal] Finished fetching rss_podcast_journal data in 0.414 seconds (success: True)[0m
[36m2026-08-05 01:11:14.019 DEBUG (MainThread) [custom_components.rss_podcast_journal] Finished fetching rss_podcast_journal data in 0.372 seconds (success: True)[0m
[36m2026-08-05 01:41:13.839 DEBUG (MainThread) [custom_components.rss_podcast_journal] Finished fetching rss_podcast_journal data in 0.173 seconds (success: True)[0m
[36m2026-08-05 02:11:13.917 DEBUG (MainThread) [custom_components.rss_podcast_journal] Finished fetching rss_podcast_journal data in 0.209 seconds (success: True)[0m
[36m2026-08-05 02:41:13.961 DEBUG (MainThread) [custom_components.rss_podcast_journal] Finished fetching rss_podcast_journal data in 0.256 seconds (success: True)[0m
[36m2026-08-05 03:11:13.866 DEBUG (MainThread) [custom_components.rss_podcast_journal] Finished fetching rss_podcast_journal data in 0.199 seconds (success: True)[0m
[33m2026-08-05 03:40:01.459 WARNING (MainThread) [asyncio] Executing <TimerHandle when=687458.765554211 EntityPlatform._async_handle_interval_callback() created at /usr/local/python/current/lib/python3.14/site-packages/homeassistant/helpers/entity_platform.py:793> took 0.153 seconds[0m
[36m2026-08-05 03:41:14.048 DEBUG (MainThread) [custom_components.rss_podcast_journal] Finished fetching rss_podcast_journal data in 0.378 seconds (success: True)[0m
[36m2026-08-05 04:11:13.892 DEBUG (MainThread) [custom_components.rss_podcast_journal] Finished fetching rss_podcast_journal data in 0.230 seconds (success: True)[0m
[36m2026-08-05 04:41:13.935 DEBUG (MainThread) [custom_components.rss_podcast_journal] Finished fetching rss_podcast_journal data in 0.220 seconds (success: True)[0m
[36m2026-08-05 05:11:13.972 DEBUG (MainThread) [custom_components.rss_podcast_journal] Finished fetching rss_podcast_journal data in 0.268 seconds (success: True)[0m
[36m2026-08-05 05:41:13.885 DEBUG (MainThread) [custom_components.rss_podcast_journal] Finished fetching rss_podcast_journal data in 0.182 seconds (success: True)[0m
[36m2026-08-05 06:11:13.826 DEBUG (MainThread) [custom_components.rss_podcast_journal] Finished fetching rss_podcast_journal data in 0.154 seconds (success: True)[0m
[36m2026-08-05 06:41:14.152 DEBUG (MainThread) [custom_components.rss_podcast_journal] Finished fetching rss_podcast_journal data in 0.463 seconds (success: True)[0m
[36m2026-08-05 07:11:14.818 DEBUG (MainThread) [custom_components.rss_podcast_journal] Finished fetching rss_podcast_journal data in 1.128 seconds (success: True)[0m
[36m2026-08-05 07:41:14.895 DEBUG (MainThread) [custom_components.rss_podcast_journal] Finished fetching rss_podcast_journal data in 0.196 seconds (success: True)[0m
[36m2026-08-05 08:11:14.818 DEBUG (MainThread) [custom_components.rss_podcast_journal] Finished fetching rss_podcast_journal data in 0.123 seconds (success: True)[0m
[36m2026-08-05 08:41:14.981 DEBUG (MainThread) [custom_components.rss_podcast_journal] Finished fetching rss_podcast_journal data in 0.225 seconds (success: True)[0m
[36m2026-08-05 09:11:14.977 DEBUG (MainThread) [custom_components.rss_podcast_journal] Finished fetching rss_podcast_journal data in 0.259 seconds (success: True)[0m
[36m2026-08-05 09:41:14.890 DEBUG (MainThread) [custom_components.rss_podcast_journal] Finished fetching rss_podcast_journal data in 0.144 seconds (success: True)[0m
[36m2026-08-05 10:11:14.855 DEBUG (MainThread) [custom_components.rss_podcast_journal] Finished fetching rss_podcast_journal data in 0.144 seconds (success: True)[0m
[36m2026-08-05 10:41:14.897 DEBUG (MainThread) [custom_components.rss_podcast_journal] Finished fetching rss_podcast_journal data in 0.147 seconds (success: True)[0m
[36m2026-08-05 11:11:14.841 DEBUG (MainThread) [custom_components.rss_podcast_journal] Finished fetching rss_podcast_journal data in 0.116 seconds (success: True)[0m
[36m2026-08-05 11:41:14.857 DEBUG (MainThread) [custom_components.rss_podcast_journal] Finished fetching rss_podcast_journal data in 0.134 seconds (success: True)[0m
[36m2026-08-05 12:11:15.944 DEBUG (MainThread) [custom_components.rss_podcast_journal] Finished fetching rss_podcast_journal data in 1.235 seconds (success: True)[0m
[36m2026-08-05 12:41:15.853 DEBUG (MainThread) [custom_components.rss_podcast_journal] Finished fetching rss_podcast_journal data in 0.118 seconds (success: True)[0m
[36m2026-08-05 13:11:15.854 DEBUG (MainThread) [custom_components.rss_podcast_journal] Finished fetching rss_podcast_journal data in 0.120 seconds (success: True)[0m
[36m2026-08-05 13:41:15.914 DEBUG (MainThread) [custom_components.rss_podcast_journal] Finished fetching rss_podcast_journal data in 0.143 seconds (success: True)[0m
[36m2026-08-05 14:11:17.234 DEBUG (MainThread) [custom_components.rss_podcast_journal] Finished fetching rss_podcast_journal data in 1.476 seconds (success: True)[0m
[33m2026-08-05 14:24:46.878 WARNING (MainThread) [asyncio] Executing <TimerHandle when=726144.057230471 EntityPlatform._async_handle_interval_callback() created at /usr/local/python/current/lib/python3.14/site-packages/homeassistant/helpers/entity_platform.py:793> took 0.239 seconds[0m
[36m2026-08-05 14:41:16.875 DEBUG (MainThread) [custom_components.rss_podcast_journal] Finished fetching rss_podcast_journal data in 0.098 seconds (success: True)[0m
[36m2026-08-05 15:11:16.899 DEBUG (MainThread) [custom_components.rss_podcast_journal] Finished fetching rss_podcast_journal data in 0.118 seconds (success: True)[0m
[36m2026-08-05 15:41:16.872 DEBUG (MainThread) [custom_components.rss_podcast_journal] Finished fetching rss_podcast_journal data in 0.131 seconds (success: True)[0m
[36m2026-08-05 16:11:16.896 DEBUG (MainThread) [custom_components.rss_podcast_journal] Finished fetching rss_podcast_journal data in 0.163 seconds (success: True)[0m
[36m2026-08-05 16:41:16.923 DEBUG (MainThread) [custom_components.rss_podcast_journal] Finished fetching rss_podcast_journal data in 0.179 seconds (success: True)[0m
[36m2026-08-05 17:11:16.863 DEBUG (MainThread) [custom_components.rss_podcast_journal] Finished fetching rss_podcast_journal data in 0.130 seconds (success: True)[0m
[36m2026-08-05 17:41:17.005 DEBUG (MainThread) [custom_components.rss_podcast_journal] Finished fetching rss_podcast_journal data in 0.254 seconds (success: True)[0m
[36m2026-08-05 18:11:16.868 DEBUG (MainThread) [custom_components.rss_podcast_journal] Finished fetching rss_podcast_journal data in 0.108 seconds (success: True)[0m
[36m2026-08-05 18:41:17.082 DEBUG (MainThread) [custom_components.rss_podcast_journal] Finished fetching rss_podcast_journal data in 0.266 seconds (success: True)[0m
[36m2026-08-05 19:11:18.036 DEBUG (MainThread) [custom_components.rss_podcast_journal] Finished fetching rss_podcast_journal data in 1.240 seconds (success: True)[0m
[36m2026-08-05 19:41:17.963 DEBUG (MainThread) [custom_components.rss_podcast_journal] Finished fetching rss_podcast_journal data in 0.163 seconds (success: True)[0m
[36m2026-08-05 20:11:17.950 DEBUG (MainThread) [custom_components.rss_podcast_journal] Finished fetching rss_podcast_journal data in 0.137 seconds (success: True)[0m
[36m2026-08-05 20:41:17.994 DEBUG (MainThread) [custom_components.rss_podcast_journal] Finished fetching rss_podcast_journal data in 0.183 seconds (success: True)[0m
[36m2026-08-05 21:11:17.926 DEBUG (MainThread) [custom_components.rss_podcast_journal] Finished fetching rss_podcast_journal data in 0.113 seconds (success: True)[0m
[36m2026-08-05 21:41:17.965 DEBUG (MainThread) [custom_components.rss_podcast_journal] Finished fetching rss_podcast_journal data in 0.180 seconds (success: True)[0m
[36m2026-08-05 22:11:19.643 DEBUG (MainThread) [custom_components.rss_podcast_journal] Finished fetching rss_podcast_journal data in 1.859 seconds (success: True)[0m
[33m2026-08-05 22:38:27.162 WARNING (MainThread) [asyncio] Executing <TimerHandle when=755762.7743148804 _TrackPointUTCTime(hass=<HomeAssistant RUNNING>, job=<Job time change listener None:None:range(0, 60, 5) <bound method DeviceTracker.async_update_stale of <homeassistant.components.device_tracker.legacy.DeviceTracker object at 0xffff4f3d2660>> HassJobType.Callback <bound method _TrackUTCTimeChange._pattern_time_change_listener of _TrackUTCTimeChange(hass=<HomeAssistant RUNNING>, time_match_expression=([0, 5, 10, 15, 20, 25, 30, 35, 40, 45, 50, 55], [0, 1, 2, 3, 4, 5, 6, 7, 8, 9, 10, 11, 12, 13, 14, 15, 16, 17, 18, 19, 20, 21, 22, 23, 24, 25, 26, 27, 28, 29, 30, 31, 32, 33, 34, 35, 36, 37, 38, 39, 40, 41, 42, 43, 44, 45, 46, 47, 48, 49, 50, 51, 52, 53, 54, 55, 56, 57, 58, 59], [0, 1, 2, 3, 4, 5, 6, 7, 8, 9, 10, 11, 12, 13, 14, 15, 16, 17, 18, 19, 20, 21, 22, 23]), microsecond=333289, local=False, job=<Job track time change None:None:range(0, 60, 5) local=False HassJobType.Callback <bound method DeviceTracker.async_update_stale of <homeassistant.components.device_tracker.legacy.DeviceTracker object at 0xffff4f3d2660>>>, listener_job_name='time change listener None:None:range(0, 60, 5) <bound method DeviceTracker.async_update_stale of <homeassistant.components.device_tracker.legacy.DeviceTracker object at 0xffff4f3d2660>>', _pattern_time_change_listener_job=<Job time change listener None:None:range(0, 60, 5) <bound method DeviceTracker.async_update_stale of <homeassistant.components.device_tracker.legacy.DeviceTracker object at 0xffff4f3d2660>> HassJobType.Callback <bound method _TrackUTCTimeChange._pattern_time_change_listener of ...>>, _cancel_callback=<bound method _TrackPointUTCTime.async_cancel of _TrackPointUTCTime(hass=<HomeAssistant RUNNING>, job=<Job time change listener None:None:range(0, 60, 5) <bound method DeviceTracker.async_update_stale of <homeassistant.components.device_tracker.legacy.DeviceTracker object at 0xffff4f3d2660>> HassJobType.Callback <bound method _TrackUTCTimeChange._pattern_time_change_listener of ...>>, utc_point_in_time=datetime.datetime(2026, 8, 5, 22, 38, 30, 333289, tzinfo=datetime.timezone.utc), expected_fire_timestamp=1785969510.333289, _cancel_callback=<TimerHandle when=755767.7743117809 ...() created at /usr/local/python/current/lib/python3.14/site-packages/homeassistant/helpers/event.py:1485>)>)>>, utc_point_in_time=datetime.datetime(2026, 8, 5, 22, 38, 25, 333289, tzinfo=datetime.timezone.utc), expected_fire_timestamp=1785969505.333289, _cancel_callback=<TimerHandle when=755762.7743148804 ...() created at /usr/local/python/current/lib/python3.14/site-packages/homeassistant/helpers/event.py:1485>)() created at /usr/local/python/current/lib/python3.14/site-packages/homeassistant/helpers/event.py:1485> took 0.524 seconds[0m
[36m2026-08-05 22:41:23.678 DEBUG (MainThread) [custom_components.rss_podcast_journal] Finished fetching rss_podcast_journal data in 3.927 seconds (success: True)[0m
[33m2026-08-05 23:03:26.050 WARNING (MainThread) [asyncio] Executing <TimerHandle when=757262.7507712841 _TrackPointUTCTime(hass=<HomeAssistant RUNNING>, job=<Job time change listener None:None:range(0, 60, 5) <bound method DeviceTracker.async_update_stale of <homeassistant.components.device_tracker.legacy.DeviceTracker object at 0xffff4f3d2660>> HassJobType.Callback <bound method _TrackUTCTimeChange._pattern_time_change_listener of _TrackUTCTimeChange(hass=<HomeAssistant RUNNING>, time_match_expression=([0, 5, 10, 15, 20, 25, 30, 35, 40, 45, 50, 55], [0, 1, 2, 3, 4, 5, 6, 7, 8, 9, 10, 11, 12, 13, 14, 15, 16, 17, 18, 19, 20, 21, 22, 23, 24, 25, 26, 27, 28, 29, 30, 31, 32, 33, 34, 35, 36, 37, 38, 39, 40, 41, 42, 43, 44, 45, 46, 47, 48, 49, 50, 51, 52, 53, 54, 55, 56, 57, 58, 59], [0, 1, 2, 3, 4, 5, 6, 7, 8, 9, 10, 11, 12, 13, 14, 15, 16, 17, 18, 19, 20, 21, 22, 23]), microsecond=333289, local=False, job=<Job track time change None:None:range(0, 60, 5) local=False HassJobType.Callback <bound method DeviceTracker.async_update_stale of <homeassistant.components.device_tracker.legacy.DeviceTracker object at 0xffff4f3d2660>>>, listener_job_name='time change listener None:None:range(0, 60, 5) <bound method DeviceTracker.async_update_stale of <homeassistant.components.device_tracker.legacy.DeviceTracker object at 0xffff4f3d2660>>', _pattern_time_change_listener_job=<Job time change listener None:None:range(0, 60, 5) <bound method DeviceTracker.async_update_stale of <homeassistant.components.device_tracker.legacy.DeviceTracker object at 0xffff4f3d2660>> HassJobType.Callback <bound method _TrackUTCTimeChange._pattern_time_change_listener of ...>>, _cancel_callback=<bound method _TrackPointUTCTime.async_cancel of _TrackPointUTCTime(hass=<HomeAssistant RUNNING>, job=<Job time change listener None:None:range(0, 60, 5) <bound method DeviceTracker.async_update_stale of <homeassistant.components.device_tracker.legacy.DeviceTracker object at 0xffff4f3d2660>> HassJobType.Callback <bound method _TrackUTCTimeChange._pattern_time_change_listener of ...>>, utc_point_in_time=datetime.datetime(2026, 8, 5, 23, 3, 30, 333289, tzinfo=datetime.timezone.utc), expected_fire_timestamp=1785971010.333289, _cancel_callback=<TimerHandle when=757267.7509908676 ...() created at /usr/local/python/current/lib/python3.14/site-packages/homeassistant/helpers/event.py:1485>)>)>>, utc_point_in_time=datetime.datetime(2026, 8, 5, 23, 3, 25, 333289, tzinfo=datetime.timezone.utc), expected_fire_timestamp=1785971005.333289, _cancel_callback=<TimerHandle when=757262.7507712841 ...() created at /usr/local/python/current/lib/python3.14/site-packages/homeassistant/helpers/event.py:1485>)() created at /usr/local/python/current/lib/python3.14/site-packages/homeassistant/helpers/event.py:1485> took 0.611 seconds[0m
[36m2026-08-05 23:11:25.270 DEBUG (MainThread) [custom_components.rss_podcast_journal] Finished fetching rss_podcast_journal data in 1.486 seconds (success: True)[0m
[36m2026-08-05 23:41:26.328 DEBUG (MainThread) [custom_components.rss_podcast_journal] Finished fetching rss_podcast_journal data in 1.538 seconds (success: True)[0m
[36m2026-08-06 00:11:27.432 DEBUG (MainThread) [custom_components.rss_podcast_journal] Finished fetching rss_podcast_journal data in 1.598 seconds (success: True)[0m
[36m2026-08-06 00:41:27.377 DEBUG (MainThread) [custom_components.rss_podcast_journal] Finished fetching rss_podcast_journal data in 0.539 seconds (success: True)[0m
[36m2026-08-06 01:11:27.109 DEBUG (MainThread) [custom_components.rss_podcast_journal] Finished fetching rss_podcast_journal data in 0.273 seconds (success: True)[0m
[36m2026-08-06 01:41:27.121 DEBUG (MainThread) [custom_components.rss_podcast_journal] Finished fetching rss_podcast_journal data in 0.286 seconds (success: True)[0m
[36m2026-08-06 02:11:26.982 DEBUG (MainThread) [custom_components.rss_podcast_journal] Finished fetching rss_podcast_journal data in 0.198 seconds (success: True)[0m
[36m2026-08-06 02:41:26.939 DEBUG (MainThread) [custom_components.rss_podcast_journal] Finished fetching rss_podcast_journal data in 0.183 seconds (success: True)[0m
[36m2026-08-06 03:11:26.993 DEBUG (MainThread) [custom_components.rss_podcast_journal] Finished fetching rss_podcast_journal data in 0.192 seconds (success: True)[0m
[36m2026-08-06 03:41:27.041 DEBUG (MainThread) [custom_components.rss_podcast_journal] Finished fetching rss_podcast_journal data in 0.217 seconds (success: True)[0m
[36m2026-08-06 04:11:27.607 DEBUG (MainThread) [custom_components.rss_podcast_journal] Finished fetching rss_podcast_journal data in 0.774 seconds (success: True)[0m
[33m2026-08-06 04:13:53.841 WARNING (MainThread) [asyncio] Executing <TimerHandle when=775890.917771136 _TrackTimeInterval._interval_listener(<Job Recorder...nt.py:1631>)>>) created at /usr/local/python/current/lib/python3.14/site-packages/homeassistant/helpers/event.py:1631> took 0.190 seconds[0m
[36m2026-08-06 04:41:27.184 DEBUG (MainThread) [custom_components.rss_podcast_journal] Finished fetching rss_podcast_journal data in 0.332 seconds (success: True)[0m
[33m2026-08-06 05:03:56.035 WARNING (MainThread) [asyncio] Executing <TimerHandle when=778892.827116206 EntityPlatform._async_handle_interval_callback() created at /usr/local/python/current/lib/python3.14/site-packages/homeassistant/helpers/entity_platform.py:793> took 0.462 seconds[0m
[33m2026-08-06 05:03:57.216 WARNING (MainThread) [asyncio] Executing <TimerHandle when=778894.105981503 _TrackTimeInterval._interval_listener(<Job Recorder...nt.py:1631>)>>) created at /usr/local/python/current/lib/python3.14/site-packages/homeassistant/helpers/event.py:1631> took 0.337 seconds[0m
[36m2026-08-06 05:11:27.207 DEBUG (MainThread) [custom_components.rss_podcast_journal] Finished fetching rss_podcast_journal data in 0.337 seconds (success: True)[0m
[33m2026-08-06 05:14:54.897 WARNING (MainThread) [asyncio] Executing <TimerHandle when=779550.9778707027 _TrackPointUTCTime(hass=<HomeAssistant RUNNING>, job=<Job track point in utc time 2026-08-06 05:14:53.601586+00:00 HassJobType.Callback <bound method Sun.update_sun_position of <entity sun.sun=above_horizon>>>, utc_point_in_time=datetime.datetime(2026, 8, 6, 5, 14, 53, 601586, tzinfo=datetime.timezone.utc), expected_fire_timestamp=1785993293.601586, _cancel_callback=<TimerHandle when=779550.9778707027 ...() created at /usr/local/python/current/lib/python3.14/site-packages/homeassistant/helpers/event.py:1485>)() created at /usr/local/python/current/lib/python3.14/site-packages/homeassistant/helpers/event.py:1485> took 1.110 seconds[0m
[36m2026-08-06 05:41:26.907 DEBUG (MainThread) [custom_components.rss_podcast_journal] Finished fetching rss_podcast_journal data in 0.108 seconds (success: True)[0m
[36m2026-08-06 06:11:26.928 DEBUG (MainThread) [custom_components.rss_podcast_journal] Finished fetching rss_podcast_journal data in 0.129 seconds (success: True)[0m
[33m2026-08-06 06:36:40.977 WARNING (MainThread) [asyncio] Executing <TimerHandle when=784456.959657741 AsyncEngine._async_cache_cleanup() created at /usr/local/python/current/lib/python3.14/site-packages/zeroconf/_engine.py:144> took 0.712 seconds[0m
[36m2026-08-06 06:41:26.953 DEBUG (MainThread) [custom_components.rss_podcast_journal] Finished fetching rss_podcast_journal data in 0.171 seconds (success: True)[0m
[36m2026-08-06 07:11:26.999 DEBUG (MainThread) [custom_components.rss_podcast_journal] Finished fetching rss_podcast_journal data in 0.158 seconds (success: True)[0m
[36m2026-08-06 07:41:27.054 DEBUG (MainThread) [custom_components.rss_podcast_journal] Finished fetching rss_podcast_journal data in 0.187 seconds (success: True)[0m
[36m2026-08-06 08:11:27.031 DEBUG (MainThread) [custom_components.rss_podcast_journal] Finished fetching rss_podcast_journal data in 0.182 seconds (success: True)[0m
[36m2026-08-06 08:41:27.051 DEBUG (MainThread) [custom_components.rss_podcast_journal] Finished fetching rss_podcast_journal data in 0.202 seconds (success: True)[0m
[36m2026-08-06 09:11:27.034 DEBUG (MainThread) [custom_components.rss_podcast_journal] Finished fetching rss_podcast_journal data in 0.203 seconds (success: True)[0m
[36m2026-08-06 09:41:27.075 DEBUG (MainThread) [custom_components.rss_podcast_journal] Finished fetching rss_podcast_journal data in 0.242 seconds (success: True)[0m
[36m2026-08-06 10:11:26.996 DEBUG (MainThread) [custom_components.rss_podcast_journal] Finished fetching rss_podcast_journal data in 0.159 seconds (success: True)[0m
[36m2026-08-06 10:41:27.048 DEBUG (MainThread) [custom_components.rss_podcast_journal] Finished fetching rss_podcast_journal data in 0.180 seconds (success: True)[0m
[36m2026-08-06 11:11:27.080 DEBUG (MainThread) [custom_components.rss_podcast_journal] Finished fetching rss_podcast_journal data in 0.175 seconds (success: True)[0m
[36m2026-08-06 11:41:26.987 DEBUG (MainThread) [custom_components.rss_podcast_journal] Finished fetching rss_podcast_journal data in 0.112 seconds (success: True)[0m
[36m2026-08-06 12:11:27.082 DEBUG (MainThread) [custom_components.rss_podcast_journal] Finished fetching rss_podcast_journal data in 0.218 seconds (success: True)[0m
[36m2026-08-06 12:41:27.196 DEBUG (MainThread) [custom_components.rss_podcast_journal] Finished fetching rss_podcast_journal data in 0.291 seconds (success: True)[0m
[36m2026-08-06 13:11:27.092 DEBUG (MainThread) [custom_components.rss_podcast_journal] Finished fetching rss_podcast_journal data in 0.181 seconds (success: True)[0m
[36m2026-08-06 13:41:27.130 DEBUG (MainThread) [custom_components.rss_podcast_journal] Finished fetching rss_podcast_journal data in 0.255 seconds (success: True)[0m
[36m2026-08-06 14:11:28.356 DEBUG (MainThread) [custom_components.rss_podcast_journal] Finished fetching rss_podcast_journal data in 1.479 seconds (success: True)[0m
[33m2026-08-06 14:29:36.945 WARNING (MainThread) [asyncio] Executing <TimerHandle when=812832.6559627056 _TrackPointUTCTime(hass=<HomeAssistant RUNNING>, job=<Job time change listener None:None:range(0, 60, 5) <bound method DeviceTracker.async_update_stale of <homeassistant.components.device_tracker.legacy.DeviceTracker object at 0xffff4f3d2660>> HassJobType.Callback <bound method _TrackUTCTimeChange._pattern_time_change_listener of _TrackUTCTimeChange(hass=<HomeAssistant RUNNING>, time_match_expression=([0, 5, 10, 15, 20, 25, 30, 35, 40, 45, 50, 55], [0, 1, 2, 3, 4, 5, 6, 7, 8, 9, 10, 11, 12, 13, 14, 15, 16, 17, 18, 19, 20, 21, 22, 23, 24, 25, 26, 27, 28, 29, 30, 31, 32, 33, 34, 35, 36, 37, 38, 39, 40, 41, 42, 43, 44, 45, 46, 47, 48, 49, 50, 51, 52, 53, 54, 55, 56, 57, 58, 59], [0, 1, 2, 3, 4, 5, 6, 7, 8, 9, 10, 11, 12, 13, 14, 15, 16, 17, 18, 19, 20, 21, 22, 23]), microsecond=333289, local=False, job=<Job track time change None:None:range(0, 60, 5) local=False HassJobType.Callback <bound method DeviceTracker.async_update_stale of <homeassistant.components.device_tracker.legacy.DeviceTracker object at 0xffff4f3d2660>>>, listener_job_name='time change listener None:None:range(0, 60, 5) <bound method DeviceTracker.async_update_stale of <homeassistant.components.device_tracker.legacy.DeviceTracker object at 0xffff4f3d2660>>', _pattern_time_change_listener_job=<Job time change listener None:None:range(0, 60, 5) <bound method DeviceTracker.async_update_stale of <homeassistant.components.device_tracker.legacy.DeviceTracker object at 0xffff4f3d2660>> HassJobType.Callback <bound method _TrackUTCTimeChange._pattern_time_change_listener of ...>>, _cancel_callback=<bound method _TrackPointUTCTime.async_cancel of _TrackPointUTCTime(hass=<HomeAssistant RUNNING>, job=<Job time change listener None:None:range(0, 60, 5) <bound method DeviceTracker.async_update_stale of <homeassistant.components.device_tracker.legacy.DeviceTracker object at 0xffff4f3d2660>> HassJobType.Callback <bound method _TrackUTCTimeChange._pattern_time_change_listener of ...>>, utc_point_in_time=datetime.datetime(2026, 8, 6, 14, 29, 40, 333289, tzinfo=datetime.timezone.utc), expected_fire_timestamp=1786026580.333289, _cancel_callback=<TimerHandle when=812837.6558175087 ...() created at /usr/local/python/current/lib/python3.14/site-packages/homeassistant/helpers/event.py:1485>)>)>>, utc_point_in_time=datetime.datetime(2026, 8, 6, 14, 29, 35, 333289, tzinfo=datetime.timezone.utc), expected_fire_timestamp=1786026575.333289, _cancel_callback=<TimerHandle when=812832.6559627056 ...() created at /usr/local/python/current/lib/python3.14/site-packages/homeassistant/helpers/event.py:1485>)() created at /usr/local/python/current/lib/python3.14/site-packages/homeassistant/helpers/event.py:1485> took 0.141 seconds[0m
[36m2026-08-06 14:41:28.020 DEBUG (MainThread) [custom_components.rss_podcast_journal] Finished fetching rss_podcast_journal data in 0.151 seconds (success: True)[0m
[33m2026-08-06 15:10:10.863 WARNING (MainThread) [asyncio] Executing <TimerHandle when=815267.5573608875 _TrackPointUTCTime(hass=<HomeAssistant RUNNING>, job=<Job time change listener None:range(0, 60, 5):10 <bound method Recorder._async_five_minute_tasks of <Recorder(Recorder, started 281473010495840)>> HassJobType.Callback <bound method _TrackUTCTimeChange._pattern_time_change_listener of _TrackUTCTimeChange(hass=<HomeAssistant RUNNING>, time_match_expression=([10], [0, 5, 10, 15, 20, 25, 30, 35, 40, 45, 50, 55], [0, 1, 2, 3, 4, 5, 6, 7, 8, 9, 10, 11, 12, 13, 14, 15, 16, 17, 18, 19, 20, 21, 22, 23]), microsecond=230158, local=False, job=<Job track time change None:range(0, 60, 5):10 local=False HassJobType.Callback <bound method Recorder._async_five_minute_tasks of <Recorder(Recorder, started 281473010495840)>>>, listener_job_name='time change listener None:range(0, 60, 5):10 <bound method Recorder._async_five_minute_tasks of <Recorder(Recorder, started 281473010495840)>>', _pattern_time_change_listener_job=<Job time change listener None:range(0, 60, 5):10 <bound method Recorder._async_five_minute_tasks of <Recorder(Recorder, started 281473010495840)>> HassJobType.Callback <bound method _TrackUTCTimeChange._pattern_time_change_listener of ...>>, _cancel_callback=<bound method _TrackPointUTCTime.async_cancel of _TrackPointUTCTime(hass=<HomeAssistant RUNNING>, job=<Job time change listener None:range(0, 60, 5):10 <bound method Recorder._async_five_minute_tasks of <Recorder(Recorder, started 281473010495840)>> HassJobType.Callback <bound method _TrackUTCTimeChange._pattern_time_change_listener of ...>>, utc_point_in_time=datetime.datetime(2026, 8, 6, 15, 15, 10, 230158, tzinfo=datetime.timezone.utc), expected_fire_timestamp=1786029310.230158, _cancel_callback=<TimerHandle when=815567.5571103096 ...() created at /usr/local/python/current/lib/python3.14/site-packages/homeassistant/helpers/event.py:1485>)>)>>, utc_point_in_time=datetime.datetime(2026, 8, 6, 15, 10, 10, 230158, tzinfo=datetime.timezone.utc), expected_fire_timestamp=1786029010.230158, _cancel_callback=<TimerHandle when=815267.5573608875 ...() created at /usr/local/python/current/lib/python3.14/site-packages/homeassistant/helpers/event.py:1485>)() created at /usr/local/python/current/lib/python3.14/site-packages/homeassistant/helpers/event.py:1485> took 0.419 seconds[0m
[36m2026-08-06 15:11:28.007 DEBUG (MainThread) [custom_components.rss_podcast_journal] Finished fetching rss_podcast_journal data in 0.136 seconds (success: True)[0m
[36m2026-08-06 15:41:28.074 DEBUG (MainThread) [custom_components.rss_podcast_journal] Finished fetching rss_podcast_journal data in 0.219 seconds (success: True)[0m
[36m2026-08-06 16:11:28.055 DEBUG (MainThread) [custom_components.rss_podcast_journal] Finished fetching rss_podcast_journal data in 0.197 seconds (success: True)[0m
[36m2026-08-06 16:41:27.981 DEBUG (MainThread) [custom_components.rss_podcast_journal] Finished fetching rss_podcast_journal data in 0.166 seconds (success: True)[0m
[33m2026-08-06 17:10:10.835 WARNING (MainThread) [asyncio] Executing <TimerHandle when=822467.6238529682 _TrackPointUTCTime(hass=<HomeAssistant RUNNING>, job=<Job time change listener None:range(0, 60, 5):10 <bound method Recorder._async_five_minute_tasks of <Recorder(Recorder, started 281473010495840)>> HassJobType.Callback <bound method _TrackUTCTimeChange._pattern_time_change_listener of _TrackUTCTimeChange(hass=<HomeAssistant RUNNING>, time_match_expression=([10], [0, 5, 10, 15, 20, 25, 30, 35, 40, 45, 50, 55], [0, 1, 2, 3, 4, 5, 6, 7, 8, 9, 10, 11, 12, 13, 14, 15, 16, 17, 18, 19, 20, 21, 22, 23]), microsecond=230158, local=False, job=<Job track time change None:range(0, 60, 5):10 local=False HassJobType.Callback <bound method Recorder._async_five_minute_tasks of <Recorder(Recorder, started 281473010495840)>>>, listener_job_name='time change listener None:range(0, 60, 5):10 <bound method Recorder._async_five_minute_tasks of <Recorder(Recorder, started 281473010495840)>>', _pattern_time_change_listener_job=<Job time change listener None:range(0, 60, 5):10 <bound method Recorder._async_five_minute_tasks of <Recorder(Recorder, started 281473010495840)>> HassJobType.Callback <bound method _TrackUTCTimeChange._pattern_time_change_listener of ...>>, _cancel_callback=<bound method _TrackPointUTCTime.async_cancel of _TrackPointUTCTime(hass=<HomeAssistant RUNNING>, job=<Job time change listener None:range(0, 60, 5):10 <bound method Recorder._async_five_minute_tasks of <Recorder(Recorder, started 281473010495840)>> HassJobType.Callback <bound method _TrackUTCTimeChange._pattern_time_change_listener of ...>>, utc_point_in_time=datetime.datetime(2026, 8, 6, 17, 15, 10, 230158, tzinfo=datetime.timezone.utc), expected_fire_timestamp=1786036510.230158, _cancel_callback=<TimerHandle when=822767.6265647411 ...() created at /usr/local/python/current/lib/python3.14/site-packages/homeassistant/helpers/event.py:1485>)>)>>, utc_point_in_time=datetime.datetime(2026, 8, 6, 17, 10, 10, 230158, tzinfo=datetime.timezone.utc), expected_fire_timestamp=1786036210.230158, _cancel_callback=<TimerHandle when=822467.6238529682 ...() created at /usr/local/python/current/lib/python3.14/site-packages/homeassistant/helpers/event.py:1485>)() created at /usr/local/python/current/lib/python3.14/site-packages/homeassistant/helpers/event.py:1485> took 0.209 seconds[0m
[36m2026-08-06 17:11:27.919 DEBUG (MainThread) [custom_components.rss_podcast_journal] Finished fetching rss_podcast_journal data in 0.121 seconds (success: True)[0m
[36m2026-08-06 17:41:28.079 DEBUG (MainThread) [custom_components.rss_podcast_journal] Finished fetching rss_podcast_journal data in 0.131 seconds (success: True)[0m
[36m2026-08-06 18:11:28.156 DEBUG (MainThread) [custom_components.rss_podcast_journal] Finished fetching rss_podcast_journal data in 0.176 seconds (success: True)[0m
[36m2026-08-06 18:41:28.096 DEBUG (MainThread) [custom_components.rss_podcast_journal] Finished fetching rss_podcast_journal data in 0.186 seconds (success: True)[0m
[36m2026-08-06 19:11:28.076 DEBUG (MainThread) [custom_components.rss_podcast_journal] Finished fetching rss_podcast_journal data in 0.151 seconds (success: True)[0m
[36m2026-08-06 19:41:27.994 DEBUG (MainThread) [custom_components.rss_podcast_journal] Finished fetching rss_podcast_journal data in 0.084 seconds (success: True)[0m
[36m2026-08-06 20:11:28.038 DEBUG (MainThread) [custom_components.rss_podcast_journal] Finished fetching rss_podcast_journal data in 0.137 seconds (success: True)[0m
[36m2026-08-06 20:41:28.031 DEBUG (MainThread) [custom_components.rss_podcast_journal] Finished fetching rss_podcast_journal data in 0.134 seconds (success: True)[0m
[36m2026-08-06 21:11:29.176 DEBUG (MainThread) [custom_components.rss_podcast_journal] Finished fetching rss_podcast_journal data in 1.241 seconds (success: True)[0m
[36m2026-08-06 21:41:29.112 DEBUG (MainThread) [custom_components.rss_podcast_journal] Finished fetching rss_podcast_journal data in 0.164 seconds (success: True)[0m
[36m2026-08-06 22:11:30.709 DEBUG (MainThread) [custom_components.rss_podcast_journal] Finished fetching rss_podcast_journal data in 1.782 seconds (success: True)[0m
[36m2026-08-06 22:41:32.581 DEBUG (MainThread) [custom_components.rss_podcast_journal] Finished fetching rss_podcast_journal data in 2.663 seconds (success: True)[0m
[36m2026-08-06 23:11:33.498 DEBUG (MainThread) [custom_components.rss_podcast_journal] Finished fetching rss_podcast_journal data in 1.550 seconds (success: True)[0m
[36m2026-08-06 23:41:34.545 DEBUG (MainThread) [custom_components.rss_podcast_journal] Finished fetching rss_podcast_journal data in 1.597 seconds (success: True)[0m
[36m2026-08-07 00:11:37.821 DEBUG (MainThread) [custom_components.rss_podcast_journal] Finished fetching rss_podcast_journal data in 3.851 seconds (success: True)[0m
[36m2026-08-07 00:41:38.239 DEBUG (MainThread) [custom_components.rss_podcast_journal] Finished fetching rss_podcast_journal data in 0.301 seconds (success: True)[0m
[36m2026-08-07 01:11:38.099 DEBUG (MainThread) [custom_components.rss_podcast_journal] Finished fetching rss_podcast_journal data in 0.165 seconds (success: True)[0m
[36m2026-08-07 01:41:38.183 DEBUG (MainThread) [custom_components.rss_podcast_journal] Finished fetching rss_podcast_journal data in 0.262 seconds (success: True)[0m
[36m2026-08-07 02:11:38.094 DEBUG (MainThread) [custom_components.rss_podcast_journal] Finished fetching rss_podcast_journal data in 0.188 seconds (success: True)[0m
[36m2026-08-07 02:41:38.114 DEBUG (MainThread) [custom_components.rss_podcast_journal] Finished fetching rss_podcast_journal data in 0.188 seconds (success: True)[0m
[36m2026-08-07 03:11:38.246 DEBUG (MainThread) [custom_components.rss_podcast_journal] Finished fetching rss_podcast_journal data in 0.292 seconds (success: True)[0m
[36m2026-08-07 03:41:38.189 DEBUG (MainThread) [custom_components.rss_podcast_journal] Finished fetching rss_podcast_journal data in 0.248 seconds (success: True)[0m
[36m2026-08-07 04:11:38.217 DEBUG (MainThread) [custom_components.rss_podcast_journal] Finished fetching rss_podcast_journal data in 0.276 seconds (success: True)[0m
[36m2026-08-07 04:41:38.259 DEBUG (MainThread) [custom_components.rss_podcast_journal] Finished fetching rss_podcast_journal data in 0.252 seconds (success: True)[0m
[36m2026-08-07 05:11:38.141 DEBUG (MainThread) [custom_components.rss_podcast_journal] Finished fetching rss_podcast_journal data in 0.118 seconds (success: True)[0m
[33m2026-08-07 05:15:26.601 WARNING (MainThread) [asyncio] Executing <TimerHandle when=865982.5038695335 _TrackPointUTCTime(hass=<HomeAssistant RUNNING>, job=<Job time change listener None:None:range(0, 60, 5) <bound method DeviceTracker.async_update_stale of <homeassistant.components.device_tracker.legacy.DeviceTracker object at 0xffff4f3d2660>> HassJobType.Callback <bound method _TrackUTCTimeChange._pattern_time_change_listener of _TrackUTCTimeChange(hass=<HomeAssistant RUNNING>, time_match_expression=([0, 5, 10, 15, 20, 25, 30, 35, 40, 45, 50, 55], [0, 1, 2, 3, 4, 5, 6, 7, 8, 9, 10, 11, 12, 13, 14, 15, 16, 17, 18, 19, 20, 21, 22, 23, 24, 25, 26, 27, 28, 29, 30, 31, 32, 33, 34, 35, 36, 37, 38, 39, 40, 41, 42, 43, 44, 45, 46, 47, 48, 49, 50, 51, 52, 53, 54, 55, 56, 57, 58, 59], [0, 1, 2, 3, 4, 5, 6, 7, 8, 9, 10, 11, 12, 13, 14, 15, 16, 17, 18, 19, 20, 21, 22, 23]), microsecond=333289, local=False, job=<Job track time change None:None:range(0, 60, 5) local=False HassJobType.Callback <bound method DeviceTracker.async_update_stale of <homeassistant.components.device_tracker.legacy.DeviceTracker object at 0xffff4f3d2660>>>, listener_job_name='time change listener None:None:range(0, 60, 5) <bound method DeviceTracker.async_update_stale of <homeassistant.components.device_tracker.legacy.DeviceTracker object at 0xffff4f3d2660>>', _pattern_time_change_listener_job=<Job time change listener None:None:range(0, 60, 5) <bound method DeviceTracker.async_update_stale of <homeassistant.components.device_tracker.legacy.DeviceTracker object at 0xffff4f3d2660>> HassJobType.Callback <bound method _TrackUTCTimeChange._pattern_time_change_listener of ...>>, _cancel_callback=<bound method _TrackPointUTCTime.async_cancel of _TrackPointUTCTime(hass=<HomeAssistant RUNNING>, job=<Job time change listener None:None:range(0, 60, 5) <bound method DeviceTracker.async_update_stale of <homeassistant.components.device_tracker.legacy.DeviceTracker object at 0xffff4f3d2660>> HassJobType.Callback <bound method _TrackUTCTimeChange._pattern_time_change_listener of ...>>, utc_point_in_time=datetime.datetime(2026, 8, 7, 5, 15, 30, 333289, tzinfo=datetime.timezone.utc), expected_fire_timestamp=1786079730.333289, _cancel_callback=<TimerHandle when=865987.5036478043 ...() created at /usr/local/python/current/lib/python3.14/site-packages/homeassistant/helpers/event.py:1485>)>)>>, utc_point_in_time=datetime.datetime(2026, 8, 7, 5, 15, 25, 333289, tzinfo=datetime.timezone.utc), expected_fire_timestamp=1786079725.333289, _cancel_callback=<TimerHandle when=865982.5038695335 ...() created at /usr/local/python/current/lib/python3.14/site-packages/homeassistant/helpers/event.py:1485>)() created at /usr/local/python/current/lib/python3.14/site-packages/homeassistant/helpers/event.py:1485> took 0.702 seconds[0m
[36m2026-08-07 05:41:38.244 DEBUG (MainThread) [custom_components.rss_podcast_journal] Finished fetching rss_podcast_journal data in 0.206 seconds (success: True)[0m
[36m2026-08-07 06:11:38.170 DEBUG (MainThread) [custom_components.rss_podcast_journal] Finished fetching rss_podcast_journal data in 0.145 seconds (success: True)[0m
[36m2026-08-07 06:41:38.173 DEBUG (MainThread) [custom_components.rss_podcast_journal] Finished fetching rss_podcast_journal data in 0.149 seconds (success: True)[0m
[33m2026-08-07 06:52:12.300 WARNING (MainThread) [asyncio] Executing <TimerHandle when=871786.931548779 _TrackTimeInterval._interval_listener(<Job Recorder...nt.py:1631>)>>) created at /usr/local/python/current/lib/python3.14/site-packages/homeassistant/helpers/event.py:1631> took 1.308 seconds[0m
[36m2026-08-07 07:11:39.285 DEBUG (MainThread) [custom_components.rss_podcast_journal] Finished fetching rss_podcast_journal data in 1.307 seconds (success: True)[0m
[36m2026-08-07 07:41:39.119 DEBUG (MainThread) [custom_components.rss_podcast_journal] Finished fetching rss_podcast_journal data in 0.125 seconds (success: True)[0m
[33m2026-08-07 08:01:54.127 WARNING (MainThread) [asyncio] Executing <TimerHandle when=875970.789111054 EntityPlatform._async_handle_interval_callback() created at /usr/local/python/current/lib/python3.14/site-packages/homeassistant/helpers/entity_platform.py:793> took 0.469 seconds[0m
[36m2026-08-07 08:11:39.195 DEBUG (MainThread) [custom_components.rss_podcast_journal] Finished fetching rss_podcast_journal data in 0.160 seconds (success: True)[0m
[36m2026-08-07 08:41:39.126 DEBUG (MainThread) [custom_components.rss_podcast_journal] Finished fetching rss_podcast_journal data in 0.124 seconds (success: True)[0m
[36m2026-08-07 09:11:39.173 DEBUG (MainThread) [custom_components.rss_podcast_journal] Finished fetching rss_podcast_journal data in 0.140 seconds (success: True)[0m
[36m2026-08-07 09:41:39.217 DEBUG (MainThread) [custom_components.rss_podcast_journal] Finished fetching rss_podcast_journal data in 0.182 seconds (success: True)[0m
[36m2026-08-07 10:11:39.190 DEBUG (MainThread) [custom_components.rss_podcast_journal] Finished fetching rss_podcast_journal data in 0.182 seconds (success: True)[0m
[36m2026-08-07 10:41:39.206 DEBUG (MainThread) [custom_components.rss_podcast_journal] Finished fetching rss_podcast_journal data in 0.160 seconds (success: True)[0m
[36m2026-08-07 11:11:39.236 DEBUG (MainThread) [custom_components.rss_podcast_journal] Finished fetching rss_podcast_journal data in 0.183 seconds (success: True)[0m
[36m2026-08-07 11:41:39.210 DEBUG (MainThread) [custom_components.rss_podcast_journal] Finished fetching rss_podcast_journal data in 0.144 seconds (success: True)[0m
[36m2026-08-07 12:11:39.210 DEBUG (MainThread) [custom_components.rss_podcast_journal] Finished fetching rss_podcast_journal data in 0.141 seconds (success: True)[0m
[36m2026-08-07 12:41:39.204 DEBUG (MainThread) [custom_components.rss_podcast_journal] Finished fetching rss_podcast_journal data in 0.143 seconds (success: True)[0m
[36m2026-08-07 13:11:39.200 DEBUG (MainThread) [custom_components.rss_podcast_journal] Finished fetching rss_podcast_journal data in 0.173 seconds (success: True)[0m
[36m2026-08-07 13:41:39.161 DEBUG (MainThread) [custom_components.rss_podcast_journal] Finished fetching rss_podcast_journal data in 0.133 seconds (success: True)[0m
[36m2026-08-07 14:11:39.228 DEBUG (MainThread) [custom_components.rss_podcast_journal] Finished fetching rss_podcast_journal data in 0.144 seconds (success: True)[0m
[36m2026-08-07 14:41:39.204 DEBUG (MainThread) [custom_components.rss_podcast_journal] Finished fetching rss_podcast_journal data in 0.133 seconds (success: True)[0m
[36m2026-08-07 15:11:39.204 DEBUG (MainThread) [custom_components.rss_podcast_journal] Finished fetching rss_podcast_journal data in 0.141 seconds (success: True)[0m
[36m2026-08-07 15:41:39.290 DEBUG (MainThread) [custom_components.rss_podcast_journal] Finished fetching rss_podcast_journal data in 0.248 seconds (success: True)[0m
[36m2026-08-07 16:11:39.179 DEBUG (MainThread) [custom_components.rss_podcast_journal] Finished fetching rss_podcast_journal data in 0.120 seconds (success: True)[0m
[33m2026-08-07 16:21:30.350 WARNING (MainThread) [asyncio] Executing <TimerHandle when=905947.284908132 _TrackTimeInterval._interval_listener(<Job Recorder...nt.py:1631>)>>) created at /usr/local/python/current/lib/python3.14/site-packages/homeassistant/helpers/event.py:1631> took 0.105 seconds[0m
[36m2026-08-07 16:41:39.182 DEBUG (MainThread) [custom_components.rss_podcast_journal] Finished fetching rss_podcast_journal data in 0.133 seconds (success: True)[0m
[36m2026-08-07 17:11:39.229 DEBUG (MainThread) [custom_components.rss_podcast_journal] Finished fetching rss_podcast_journal data in 0.140 seconds (success: True)[0m
[36m2026-08-07 17:41:39.237 DEBUG (MainThread) [custom_components.rss_podcast_journal] Finished fetching rss_podcast_journal data in 0.159 seconds (success: True)[0m
[36m2026-08-07 18:11:39.316 DEBUG (MainThread) [custom_components.rss_podcast_journal] Finished fetching rss_podcast_journal data in 0.216 seconds (success: True)[0m
[36m2026-08-07 18:41:40.328 DEBUG (MainThread) [custom_components.rss_podcast_journal] Finished fetching rss_podcast_journal data in 1.255 seconds (success: True)[0m
[36m2026-08-07 19:11:40.131 DEBUG (MainThread) [custom_components.rss_podcast_journal] Finished fetching rss_podcast_journal data in 0.100 seconds (success: True)[0m
[36m2026-08-07 19:41:40.253 DEBUG (MainThread) [custom_components.rss_podcast_journal] Finished fetching rss_podcast_journal data in 0.182 seconds (success: True)[0m
[36m2026-08-07 20:11:40.220 DEBUG (MainThread) [custom_components.rss_podcast_journal] Finished fetching rss_podcast_journal data in 0.138 seconds (success: True)[0m
[36m2026-08-07 20:41:40.357 DEBUG (MainThread) [custom_components.rss_podcast_journal] Finished fetching rss_podcast_journal data in 0.257 seconds (success: True)[0m
[36m2026-08-07 21:11:40.216 DEBUG (MainThread) [custom_components.rss_podcast_journal] Finished fetching rss_podcast_journal data in 0.132 seconds (success: True)[0m
[36m2026-08-07 21:41:40.273 DEBUG (MainThread) [custom_components.rss_podcast_journal] Finished fetching rss_podcast_journal data in 0.204 seconds (success: True)[0m
[36m2026-08-07 22:11:43.846 DEBUG (MainThread) [custom_components.rss_podcast_journal] Finished fetching rss_podcast_journal data in 3.755 seconds (success: True)[0m
[36m2026-08-07 22:41:44.997 DEBUG (MainThread) [custom_components.rss_podcast_journal] Finished fetching rss_podcast_journal data in 1.861 seconds (success: True)[0m
[36m2026-08-07 23:11:46.637 DEBUG (MainThread) [custom_components.rss_podcast_journal] Finished fetching rss_podcast_journal data in 1.489 seconds (success: True)[0m
[36m2026-08-07 23:41:47.786 DEBUG (MainThread) [custom_components.rss_podcast_journal] Finished fetching rss_podcast_journal data in 1.636 seconds (success: True)[0m
[31m2026-08-08 00:11:47.778 ERROR (MainThread) [custom_components.rss_podcast_journal] Error fetching rss_podcast_journal data: Could not parse feed https://www.rts.ch/la-1ere/programmes/le-journal-de-6h/podcast/?flux=rss - <unknown>:2:685: not well-formed (invalid token)[0m
[36m2026-08-08 00:11:47.779 DEBUG (MainThread) [custom_components.rss_podcast_journal] Full error:
Traceback (most recent call last):
  File "/workspaces/ha_integrations/custom_components/rss_podcast_journal/coordinator.py", line 51, in _async_update_data
    episode = await runtime_data.client.async_find_todays_episode(
              ^^^^^^^^^^^^^^^^^^^^^^^^^^^^^^^^^^^^^^^^^^^^^^^^^^^^
        self.config_entry.data[CONF_FEEDS],
        ^^^^^^^^^^^^^^^^^^^^^^^^^^^^^^^^^^^
    )
    ^
  File "/workspaces/ha_integrations/custom_components/rss_podcast_journal/api.py", line 64, in async_find_todays_episode
    parsed = await self._async_parse_feed(feed_url)
             ^^^^^^^^^^^^^^^^^^^^^^^^^^^^^^^^^^^^^^
  File "/workspaces/ha_integrations/custom_components/rss_podcast_journal/api.py", line 105, in _async_parse_feed
    raise RssPodcastJournalApiClientCommunicationError(msg)
custom_components.rss_podcast_journal.api.RssPodcastJournalApiClientCommunicationError: Could not parse feed https://www.rts.ch/la-1ere/programmes/le-journal-de-6h/podcast/?flux=rss - <unknown>:2:685: not well-formed (invalid token)

The above exception was the direct cause of the following exception:

Traceback (most recent call last):
  File "/usr/local/python/current/lib/python3.14/site-packages/homeassistant/helpers/update_coordinator.py", line 434, in _async_refresh
    self.data = await self._async_update_data()
                ^^^^^^^^^^^^^^^^^^^^^^^^^^^^^^^
  File "/workspaces/ha_integrations/custom_components/rss_podcast_journal/coordinator.py", line 61, in _async_update_data
    raise UpdateFailed(str(exception)) from exception
homeassistant.helpers.update_coordinator.UpdateFailed: Could not parse feed https://www.rts.ch/la-1ere/programmes/le-journal-de-6h/podcast/?flux=rss - <unknown>:2:685: not well-formed (invalid token)[0m
[36m2026-08-08 00:11:47.795 DEBUG (MainThread) [custom_components.rss_podcast_journal] Finished fetching rss_podcast_journal data in 0.649 seconds (success: False)[0m
[36m2026-08-08 00:41:49.952 DEBUG (MainThread) [custom_components.rss_podcast_journal] Finished fetching rss_podcast_journal data in 2.808 seconds (success: False)[0m
[32m2026-08-08 01:11:50.517 INFO (MainThread) [custom_components.rss_podcast_journal] Fetching rss_podcast_journal data recovered[0m
[36m2026-08-08 01:11:50.517 DEBUG (MainThread) [custom_components.rss_podcast_journal] Finished fetching rss_podcast_journal data in 0.408 seconds (success: True)[0m
[36m2026-08-08 01:41:50.560 DEBUG (MainThread) [custom_components.rss_podcast_journal] Finished fetching rss_podcast_journal data in 0.406 seconds (success: True)[0m
[36m2026-08-08 02:11:50.577 DEBUG (MainThread) [custom_components.rss_podcast_journal] Finished fetching rss_podcast_journal data in 0.408 seconds (success: True)[0m
[36m2026-08-08 02:41:50.429 DEBUG (MainThread) [custom_components.rss_podcast_journal] Finished fetching rss_podcast_journal data in 0.256 seconds (success: True)[0m
[36m2026-08-08 03:11:50.383 DEBUG (MainThread) [custom_components.rss_podcast_journal] Finished fetching rss_podcast_journal data in 0.211 seconds (success: True)[0m
[36m2026-08-08 03:41:50.450 DEBUG (MainThread) [custom_components.rss_podcast_journal] Finished fetching rss_podcast_journal data in 0.278 seconds (success: True)[0m
[33m2026-08-08 04:11:10.938 WARNING (MainThread) [asyncio] Executing <TimerHandle when=948527.3486838341 _TrackPointUTCTime(hass=<HomeAssistant RUNNING>, job=<Job time change listener None:None:range(0, 60, 5) <bound method DeviceTracker.async_update_stale of <homeassistant.components.device_tracker.legacy.DeviceTracker object at 0xffff4f3d2660>> HassJobType.Callback <bound method _TrackUTCTimeChange._pattern_time_change_listener of _TrackUTCTimeChange(hass=<HomeAssistant RUNNING>, time_match_expression=([0, 5, 10, 15, 20, 25, 30, 35, 40, 45, 50, 55], [0, 1, 2, 3, 4, 5, 6, 7, 8, 9, 10, 11, 12, 13, 14, 15, 16, 17, 18, 19, 20, 21, 22, 23, 24, 25, 26, 27, 28, 29, 30, 31, 32, 33, 34, 35, 36, 37, 38, 39, 40, 41, 42, 43, 44, 45, 46, 47, 48, 49, 50, 51, 52, 53, 54, 55, 56, 57, 58, 59], [0, 1, 2, 3, 4, 5, 6, 7, 8, 9, 10, 11, 12, 13, 14, 15, 16, 17, 18, 19, 20, 21, 22, 23]), microsecond=333289, local=False, job=<Job track time change None:None:range(0, 60, 5) local=False HassJobType.Callback <bound method DeviceTracker.async_update_stale of <homeassistant.components.device_tracker.legacy.DeviceTracker object at 0xffff4f3d2660>>>, listener_job_name='time change listener None:None:range(0, 60, 5) <bound method DeviceTracker.async_update_stale of <homeassistant.components.device_tracker.legacy.DeviceTracker object at 0xffff4f3d2660>>', _pattern_time_change_listener_job=<Job time change listener None:None:range(0, 60, 5) <bound method DeviceTracker.async_update_stale of <homeassistant.components.device_tracker.legacy.DeviceTracker object at 0xffff4f3d2660>> HassJobType.Callback <bound method _TrackUTCTimeChange._pattern_time_change_listener of ...>>, _cancel_callback=<bound method _TrackPointUTCTime.async_cancel of _TrackPointUTCTime(hass=<HomeAssistant RUNNING>, job=<Job time change listener None:None:range(0, 60, 5) <bound method DeviceTracker.async_update_stale of <homeassistant.components.device_tracker.legacy.DeviceTracker object at 0xffff4f3d2660>> HassJobType.Callback <bound method _TrackUTCTimeChange._pattern_time_change_listener of ...>>, utc_point_in_time=datetime.datetime(2026, 8, 8, 4, 11, 15, 333289, tzinfo=datetime.timezone.utc), expected_fire_timestamp=1786162275.333289, _cancel_callback=<TimerHandle when=948532.3486845493 ...() created at /usr/local/python/current/lib/python3.14/site-packages/homeassistant/helpers/event.py:1485>)>)>>, utc_point_in_time=datetime.datetime(2026, 8, 8, 4, 11, 10, 333289, tzinfo=datetime.timezone.utc), expected_fire_timestamp=1786162270.333289, _cancel_callback=<TimerHandle when=948527.3486838341 ...() created at /usr/local/python/current/lib/python3.14/site-packages/homeassistant/helpers/event.py:1485>)() created at /usr/local/python/current/lib/python3.14/site-packages/homeassistant/helpers/event.py:1485> took 0.407 seconds[0m
[33m2026-08-08 04:11:11.130 WARNING (MainThread) [asyncio] Executing <TimerHandle when=948527.5373418331 _TrackPointUTCTime(hass=<HomeAssistant RUNNING>, job=<Job track point in utc time 2026-08-08 04:11:10.520996+00:00 HassJobType.Callback <bound method Sun.update_sun_position of <entity sun.sun=above_horizon>>>, utc_point_in_time=datetime.datetime(2026, 8, 8, 4, 11, 10, 520996, tzinfo=datetime.timezone.utc), expected_fire_timestamp=1786162270.520996, _cancel_callback=<TimerHandle when=948527.5373418331 ...() created at /usr/local/python/current/lib/python3.14/site-packages/homeassistant/helpers/event.py:1485>)() created at /usr/local/python/current/lib/python3.14/site-packages/homeassistant/helpers/event.py:1485> took 0.162 seconds[0m
[36m2026-08-08 04:11:50.364 DEBUG (MainThread) [custom_components.rss_podcast_journal] Finished fetching rss_podcast_journal data in 0.181 seconds (success: True)[0m
[36m2026-08-08 04:41:50.418 DEBUG (MainThread) [custom_components.rss_podcast_journal] Finished fetching rss_podcast_journal data in 0.236 seconds (success: True)[0m
[36m2026-08-08 05:11:50.332 DEBUG (MainThread) [custom_components.rss_podcast_journal] Finished fetching rss_podcast_journal data in 0.181 seconds (success: True)[0m
[36m2026-08-08 05:41:50.435 DEBUG (MainThread) [custom_components.rss_podcast_journal] Finished fetching rss_podcast_journal data in 0.277 seconds (success: True)[0m
[36m2026-08-08 06:11:50.599 DEBUG (MainThread) [custom_components.rss_podcast_journal] Finished fetching rss_podcast_journal data in 0.429 seconds (success: True)[0m
[36m2026-08-08 06:41:50.434 DEBUG (MainThread) [custom_components.rss_podcast_journal] Finished fetching rss_podcast_journal data in 0.263 seconds (success: True)[0m
[36m2026-08-08 07:11:50.382 DEBUG (MainThread) [custom_components.rss_podcast_journal] Finished fetching rss_podcast_journal data in 0.198 seconds (success: True)[0m
[36m2026-08-08 07:41:50.596 DEBUG (MainThread) [custom_components.rss_podcast_journal] Finished fetching rss_podcast_journal data in 0.419 seconds (success: True)[0m
[36m2026-08-08 08:11:50.360 DEBUG (MainThread) [custom_components.rss_podcast_journal] Finished fetching rss_podcast_journal data in 0.186 seconds (success: True)[0m
[36m2026-08-08 08:41:50.471 DEBUG (MainThread) [custom_components.rss_podcast_journal] Finished fetching rss_podcast_journal data in 0.258 seconds (success: True)[0m
[36m2026-08-08 09:11:50.433 DEBUG (MainThread) [custom_components.rss_podcast_journal] Finished fetching rss_podcast_journal data in 0.200 seconds (success: True)[0m
[36m2026-08-08 09:41:50.439 DEBUG (MainThread) [custom_components.rss_podcast_journal] Finished fetching rss_podcast_journal data in 0.248 seconds (success: True)[0m
[36m2026-08-08 10:11:50.597 DEBUG (MainThread) [custom_components.rss_podcast_journal] Finished fetching rss_podcast_journal data in 0.366 seconds (success: True)[0m
[36m2026-08-08 10:41:50.453 DEBUG (MainThread) [custom_components.rss_podcast_journal] Finished fetching rss_podcast_journal data in 0.272 seconds (success: True)[0m
[33m2026-08-08 10:46:30.950 WARNING (MainThread) [asyncio] Executing <TimerHandle when=972247.3543524742 _TrackPointUTCTime(hass=<HomeAssistant RUNNING>, job=<Job time change listener None:None:range(0, 60, 5) <bound method DeviceTracker.async_update_stale of <homeassistant.components.device_tracker.legacy.DeviceTracker object at 0xffff4f3d2660>> HassJobType.Callback <bound method _TrackUTCTimeChange._pattern_time_change_listener of _TrackUTCTimeChange(hass=<HomeAssistant RUNNING>, time_match_expression=([0, 5, 10, 15, 20, 25, 30, 35, 40, 45, 50, 55], [0, 1, 2, 3, 4, 5, 6, 7, 8, 9, 10, 11, 12, 13, 14, 15, 16, 17, 18, 19, 20, 21, 22, 23, 24, 25, 26, 27, 28, 29, 30, 31, 32, 33, 34, 35, 36, 37, 38, 39, 40, 41, 42, 43, 44, 45, 46, 47, 48, 49, 50, 51, 52, 53, 54, 55, 56, 57, 58, 59], [0, 1, 2, 3, 4, 5, 6, 7, 8, 9, 10, 11, 12, 13, 14, 15, 16, 17, 18, 19, 20, 21, 22, 23]), microsecond=333289, local=False, job=<Job track time change None:None:range(0, 60, 5) local=False HassJobType.Callback <bound method DeviceTracker.async_update_stale of <homeassistant.components.device_tracker.legacy.DeviceTracker object at 0xffff4f3d2660>>>, listener_job_name='time change listener None:None:range(0, 60, 5) <bound method DeviceTracker.async_update_stale of <homeassistant.components.device_tracker.legacy.DeviceTracker object at 0xffff4f3d2660>>', _pattern_time_change_listener_job=<Job time change listener None:None:range(0, 60, 5) <bound method DeviceTracker.async_update_stale of <homeassistant.components.device_tracker.legacy.DeviceTracker object at 0xffff4f3d2660>> HassJobType.Callback <bound method _TrackUTCTimeChange._pattern_time_change_listener of ...>>, _cancel_callback=<bound method _TrackPointUTCTime.async_cancel of _TrackPointUTCTime(hass=<HomeAssistant RUNNING>, job=<Job time change listener None:None:range(0, 60, 5) <bound method DeviceTracker.async_update_stale of <homeassistant.components.device_tracker.legacy.DeviceTracker object at 0xffff4f3d2660>> HassJobType.Callback <bound method _TrackUTCTimeChange._pattern_time_change_listener of ...>>, utc_point_in_time=datetime.datetime(2026, 8, 8, 10, 46, 35, 333289, tzinfo=datetime.timezone.utc), expected_fire_timestamp=1786185995.333289, _cancel_callback=<TimerHandle when=972252.3543190956 ...() created at /usr/local/python/current/lib/python3.14/site-packages/homeassistant/helpers/event.py:1485>)>)>>, utc_point_in_time=datetime.datetime(2026, 8, 8, 10, 46, 30, 333289, tzinfo=datetime.timezone.utc), expected_fire_timestamp=1786185990.333289, _cancel_callback=<TimerHandle when=972247.3543524742 ...() created at /usr/local/python/current/lib/python3.14/site-packages/homeassistant/helpers/event.py:1485>)() created at /usr/local/python/current/lib/python3.14/site-packages/homeassistant/helpers/event.py:1485> took 0.569 seconds[0m
[36m2026-08-08 11:11:50.445 DEBUG (MainThread) [custom_components.rss_podcast_journal] Finished fetching rss_podcast_journal data in 0.266 seconds (success: True)[0m
[36m2026-08-08 11:41:50.635 DEBUG (MainThread) [custom_components.rss_podcast_journal] Finished fetching rss_podcast_journal data in 0.397 seconds (success: True)[0m
[36m2026-08-08 12:11:50.465 DEBUG (MainThread) [custom_components.rss_podcast_journal] Finished fetching rss_podcast_journal data in 0.213 seconds (success: True)[0m
[36m2026-08-08 12:41:50.578 DEBUG (MainThread) [custom_components.rss_podcast_journal] Finished fetching rss_podcast_journal data in 0.367 seconds (success: True)[0m
[36m2026-08-08 13:11:50.736 DEBUG (MainThread) [custom_components.rss_podcast_journal] Finished fetching rss_podcast_journal data in 0.525 seconds (success: True)[0m
[36m2026-08-08 13:41:50.679 DEBUG (MainThread) [custom_components.rss_podcast_journal] Finished fetching rss_podcast_journal data in 0.468 seconds (success: True)[0m
[36m2026-08-08 14:11:50.810 DEBUG (MainThread) [custom_components.rss_podcast_journal] Finished fetching rss_podcast_journal data in 0.576 seconds (success: True)[0m
[36m2026-08-08 14:41:50.561 DEBUG (MainThread) [custom_components.rss_podcast_journal] Finished fetching rss_podcast_journal data in 0.323 seconds (success: True)[0m
[36m2026-08-08 15:11:50.506 DEBUG (MainThread) [custom_components.rss_podcast_journal] Finished fetching rss_podcast_journal data in 0.274 seconds (success: True)[0m
[36m2026-08-08 15:41:50.517 DEBUG (MainThread) [custom_components.rss_podcast_journal] Finished fetching rss_podcast_journal data in 0.269 seconds (success: True)[0m
[36m2026-08-08 16:11:50.510 DEBUG (MainThread) [custom_components.rss_podcast_journal] Finished fetching rss_podcast_journal data in 0.273 seconds (success: True)[0m
[36m2026-08-08 16:41:50.679 DEBUG (MainThread) [custom_components.rss_podcast_journal] Finished fetching rss_podcast_journal data in 0.394 seconds (success: True)[0m
[36m2026-08-08 17:11:50.539 DEBUG (MainThread) [custom_components.rss_podcast_journal] Finished fetching rss_podcast_journal data in 0.240 seconds (success: True)[0m
[36m2026-08-08 17:41:50.578 DEBUG (MainThread) [custom_components.rss_podcast_journal] Finished fetching rss_podcast_journal data in 0.322 seconds (success: True)[0m
[36m2026-08-08 18:11:50.534 DEBUG (MainThread) [custom_components.rss_podcast_journal] Finished fetching rss_podcast_journal data in 0.302 seconds (success: True)[0m
[36m2026-08-08 18:41:50.452 DEBUG (MainThread) [custom_components.rss_podcast_journal] Finished fetching rss_podcast_journal data in 0.208 seconds (success: True)[0m
[36m2026-08-08 19:11:50.469 DEBUG (MainThread) [custom_components.rss_podcast_journal] Finished fetching rss_podcast_journal data in 0.211 seconds (success: True)[0m
[36m2026-08-08 19:41:51.033 DEBUG (MainThread) [custom_components.rss_podcast_journal] Finished fetching rss_podcast_journal data in 0.730 seconds (success: True)[0m
[36m2026-08-08 20:11:50.529 DEBUG (MainThread) [custom_components.rss_podcast_journal] Finished fetching rss_podcast_journal data in 0.243 seconds (success: True)[0m
[36m2026-08-08 20:41:50.644 DEBUG (MainThread) [custom_components.rss_podcast_journal] Finished fetching rss_podcast_journal data in 0.345 seconds (success: True)[0m
[36m2026-08-08 21:11:50.610 DEBUG (MainThread) [custom_components.rss_podcast_journal] Finished fetching rss_podcast_journal data in 0.337 seconds (success: True)[0m
[36m2026-08-08 21:41:50.498 DEBUG (MainThread) [custom_components.rss_podcast_journal] Finished fetching rss_podcast_journal data in 0.233 seconds (success: True)[0m
[36m2026-08-08 22:11:52.149 DEBUG (MainThread) [custom_components.rss_podcast_journal] Finished fetching rss_podcast_journal data in 1.841 seconds (success: True)[0m
[36m2026-08-08 22:41:54.182 DEBUG (MainThread) [custom_components.rss_podcast_journal] Finished fetching rss_podcast_journal data in 1.892 seconds (success: True)[0m
[36m2026-08-08 23:11:57.762 DEBUG (MainThread) [custom_components.rss_podcast_journal] Finished fetching rss_podcast_journal data in 3.464 seconds (success: True)[0m
[36m2026-08-08 23:41:58.888 DEBUG (MainThread) [custom_components.rss_podcast_journal] Finished fetching rss_podcast_journal data in 1.558 seconds (success: True)[0m
[36m2026-08-09 00:11:59.813 DEBUG (MainThread) [custom_components.rss_podcast_journal] Finished fetching rss_podcast_journal data in 1.514 seconds (success: True)[0m
[36m2026-08-09 00:41:59.718 DEBUG (MainThread) [custom_components.rss_podcast_journal] Finished fetching rss_podcast_journal data in 0.418 seconds (success: True)[0m
[36m2026-08-09 01:11:59.469 DEBUG (MainThread) [custom_components.rss_podcast_journal] Finished fetching rss_podcast_journal data in 0.173 seconds (success: True)[0m
[36m2026-08-09 01:41:59.477 DEBUG (MainThread) [custom_components.rss_podcast_journal] Finished fetching rss_podcast_journal data in 0.193 seconds (success: True)[0m
[36m2026-08-09 02:11:59.693 DEBUG (MainThread) [custom_components.rss_podcast_journal] Finished fetching rss_podcast_journal data in 0.393 seconds (success: True)[0m
[36m2026-08-09 02:41:59.676 DEBUG (MainThread) [custom_components.rss_podcast_journal] Finished fetching rss_podcast_journal data in 0.374 seconds (success: True)[0m
[36m2026-08-09 03:11:59.549 DEBUG (MainThread) [custom_components.rss_podcast_journal] Finished fetching rss_podcast_journal data in 0.177 seconds (success: True)[0m
[36m2026-08-09 03:41:59.827 DEBUG (MainThread) [custom_components.rss_podcast_journal] Finished fetching rss_podcast_journal data in 0.483 seconds (success: True)[0m
[33m2026-08-09 03:46:09.955 WARNING (MainThread) [asyncio] Executing <TimerHandle when=1033425.862935341 _TrackTimeInterval._interval_listener(<Job Recorder...nt.py:1631>)>>) created at /usr/local/python/current/lib/python3.14/site-packages/homeassistant/helpers/event.py:1631> took 0.566 seconds[0m
[36m2026-08-09 04:11:59.652 DEBUG (MainThread) [custom_components.rss_podcast_journal] Finished fetching rss_podcast_journal data in 0.314 seconds (success: True)[0m
[36m2026-08-09 04:41:59.570 DEBUG (MainThread) [custom_components.rss_podcast_journal] Finished fetching rss_podcast_journal data in 0.198 seconds (success: True)[0m
[36m2026-08-09 05:11:59.833 DEBUG (MainThread) [custom_components.rss_podcast_journal] Finished fetching rss_podcast_journal data in 0.459 seconds (success: True)[0m
[36m2026-08-09 05:41:59.570 DEBUG (MainThread) [custom_components.rss_podcast_journal] Finished fetching rss_podcast_journal data in 0.221 seconds (success: True)[0m
[36m2026-08-09 06:12:01.491 DEBUG (MainThread) [custom_components.rss_podcast_journal] Finished fetching rss_podcast_journal data in 2.157 seconds (success: True)[0m
[36m2026-08-09 06:42:01.535 DEBUG (MainThread) [custom_components.rss_podcast_journal] Finished fetching rss_podcast_journal data in 0.209 seconds (success: True)[0m
[36m2026-08-09 07:12:01.543 DEBUG (MainThread) [custom_components.rss_podcast_journal] Finished fetching rss_podcast_journal data in 0.205 seconds (success: True)[0m
[36m2026-08-09 07:42:01.608 DEBUG (MainThread) [custom_components.rss_podcast_journal] Finished fetching rss_podcast_journal data in 0.220 seconds (success: True)[0m
[36m2026-08-09 08:12:01.839 DEBUG (MainThread) [custom_components.rss_podcast_journal] Finished fetching rss_podcast_journal data in 0.432 seconds (success: True)[0m
[36m2026-08-09 08:42:01.821 DEBUG (MainThread) [custom_components.rss_podcast_journal] Finished fetching rss_podcast_journal data in 0.402 seconds (success: True)[0m
[36m2026-08-09 09:12:01.774 DEBUG (MainThread) [custom_components.rss_podcast_journal] Finished fetching rss_podcast_journal data in 0.365 seconds (success: True)[0m
[36m2026-08-09 09:42:03.558 DEBUG (MainThread) [custom_components.rss_podcast_journal] Finished fetching rss_podcast_journal data in 2.148 seconds (success: True)[0m
[36m2026-08-09 10:12:05.498 DEBUG (MainThread) [custom_components.rss_podcast_journal] Finished fetching rss_podcast_journal data in 2.089 seconds (success: True)[0m
[36m2026-08-09 10:42:05.579 DEBUG (MainThread) [custom_components.rss_podcast_journal] Finished fetching rss_podcast_journal data in 0.214 seconds (success: True)[0m
[36m2026-08-09 11:12:05.817 DEBUG (MainThread) [custom_components.rss_podcast_journal] Finished fetching rss_podcast_journal data in 0.460 seconds (success: True)[0m
[36m2026-08-09 11:42:05.713 DEBUG (MainThread) [custom_components.rss_podcast_journal] Finished fetching rss_podcast_journal data in 0.352 seconds (success: True)[0m
[36m2026-08-09 12:12:05.631 DEBUG (MainThread) [custom_components.rss_podcast_journal] Finished fetching rss_podcast_journal data in 0.260 seconds (success: True)[0m
[36m2026-08-09 12:42:05.638 DEBUG (MainThread) [custom_components.rss_podcast_journal] Finished fetching rss_podcast_journal data in 0.235 seconds (success: True)[0m
[36m2026-08-09 13:12:05.701 DEBUG (MainThread) [custom_components.rss_podcast_journal] Finished fetching rss_podcast_journal data in 0.316 seconds (success: True)[0m
[36m2026-08-09 13:42:05.842 DEBUG (MainThread) [custom_components.rss_podcast_journal] Finished fetching rss_podcast_journal data in 0.463 seconds (success: True)[0m
[36m2026-08-09 14:12:05.611 DEBUG (MainThread) [custom_components.rss_podcast_journal] Finished fetching rss_podcast_journal data in 0.205 seconds (success: True)[0m
[36m2026-08-09 14:42:07.287 DEBUG (MainThread) [custom_components.rss_podcast_journal] Finished fetching rss_podcast_journal data in 1.869 seconds (success: True)[0m
[36m2026-08-09 15:12:07.799 DEBUG (MainThread) [custom_components.rss_podcast_journal] Finished fetching rss_podcast_journal data in 0.369 seconds (success: True)[0m
[36m2026-08-09 15:42:07.861 DEBUG (MainThread) [custom_components.rss_podcast_journal] Finished fetching rss_podcast_journal data in 0.453 seconds (success: True)[0m
[36m2026-08-09 16:12:07.650 DEBUG (MainThread) [custom_components.rss_podcast_journal] Finished fetching rss_podcast_journal data in 0.230 seconds (success: True)[0m
[36m2026-08-09 16:42:07.622 DEBUG (MainThread) [custom_components.rss_podcast_journal] Finished fetching rss_podcast_journal data in 0.217 seconds (success: True)[0m
[36m2026-08-09 17:12:07.726 DEBUG (MainThread) [custom_components.rss_podcast_journal] Finished fetching rss_podcast_journal data in 0.308 seconds (success: True)[0m
[36m2026-08-09 17:42:07.798 DEBUG (MainThread) [custom_components.rss_podcast_journal] Finished fetching rss_podcast_journal data in 0.364 seconds (success: True)[0m
[36m2026-08-09 18:12:07.759 DEBUG (MainThread) [custom_components.rss_podcast_journal] Finished fetching rss_podcast_journal data in 0.357 seconds (success: True)[0m
[36m2026-08-09 18:42:07.720 DEBUG (MainThread) [custom_components.rss_podcast_journal] Finished fetching rss_podcast_journal data in 0.317 seconds (success: True)[0m
[36m2026-08-09 19:12:07.915 DEBUG (MainThread) [custom_components.rss_podcast_journal] Finished fetching rss_podcast_journal data in 0.483 seconds (success: True)[0m
[36m2026-08-09 19:42:07.733 DEBUG (MainThread) [custom_components.rss_podcast_journal] Finished fetching rss_podcast_journal data in 0.279 seconds (success: True)[0m
[36m2026-08-09 20:12:07.735 DEBUG (MainThread) [custom_components.rss_podcast_journal] Finished fetching rss_podcast_journal data in 0.285 seconds (success: True)[0m
[36m2026-08-09 20:42:07.710 DEBUG (MainThread) [custom_components.rss_podcast_journal] Finished fetching rss_podcast_journal data in 0.293 seconds (success: True)[0m
[36m2026-08-09 21:12:07.653 DEBUG (MainThread) [custom_components.rss_podcast_journal] Finished fetching rss_podcast_journal data in 0.227 seconds (success: True)[0m
[36m2026-08-09 21:42:07.624 DEBUG (MainThread) [custom_components.rss_podcast_journal] Finished fetching rss_podcast_journal data in 0.172 seconds (success: True)[0m
[36m2026-08-09 22:12:09.491 DEBUG (MainThread) [custom_components.rss_podcast_journal] Finished fetching rss_podcast_journal data in 2.049 seconds (success: True)[0m
[36m2026-08-09 22:42:13.053 DEBUG (MainThread) [custom_components.rss_podcast_journal] Finished fetching rss_podcast_journal data in 3.629 seconds (success: True)[0m
[36m2026-08-09 23:12:14.014 DEBUG (MainThread) [custom_components.rss_podcast_journal] Finished fetching rss_podcast_journal data in 1.585 seconds (success: True)[0m
[36m2026-08-09 23:42:14.949 DEBUG (MainThread) [custom_components.rss_podcast_journal] Finished fetching rss_podcast_journal data in 1.479 seconds (success: True)[0m
[36m2026-08-10 00:12:16.151 DEBUG (MainThread) [custom_components.rss_podcast_journal] Finished fetching rss_podcast_journal data in 1.663 seconds (success: True)[0m
[36m2026-08-10 00:42:16.009 DEBUG (MainThread) [custom_components.rss_podcast_journal] Finished fetching rss_podcast_journal data in 0.531 seconds (success: True)[0m
[36m2026-08-10 01:12:15.662 DEBUG (MainThread) [custom_components.rss_podcast_journal] Finished fetching rss_podcast_journal data in 0.226 seconds (success: True)[0m
[36m2026-08-10 01:42:15.747 DEBUG (MainThread) [custom_components.rss_podcast_journal] Finished fetching rss_podcast_journal data in 0.263 seconds (success: True)[0m
[36m2026-08-10 02:12:15.831 DEBUG (MainThread) [custom_components.rss_podcast_journal] Finished fetching rss_podcast_journal data in 0.342 seconds (success: True)[0m
[36m2026-08-10 02:42:15.682 DEBUG (MainThread) [custom_components.rss_podcast_journal] Finished fetching rss_podcast_journal data in 0.215 seconds (success: True)[0m
[36m2026-08-10 03:12:15.804 DEBUG (MainThread) [custom_components.rss_podcast_journal] Finished fetching rss_podcast_journal data in 0.317 seconds (success: True)[0m
[36m2026-08-10 03:42:15.941 DEBUG (MainThread) [custom_components.rss_podcast_journal] Finished fetching rss_podcast_journal data in 0.441 seconds (success: True)[0m
[36m2026-08-10 04:12:15.763 DEBUG (MainThread) [custom_components.rss_podcast_journal] Finished fetching rss_podcast_journal data in 0.305 seconds (success: True)[0m
[36m2026-08-10 04:42:15.717 DEBUG (MainThread) [custom_components.rss_podcast_journal] Finished fetching rss_podcast_journal data in 0.268 seconds (success: True)[0m
[36m2026-08-10 05:12:15.611 DEBUG (MainThread) [custom_components.rss_podcast_journal] Finished fetching rss_podcast_journal data in 0.164 seconds (success: True)[0m
[36m2026-08-10 05:42:15.771 DEBUG (MainThread) [custom_components.rss_podcast_journal] Finished fetching rss_podcast_journal data in 0.314 seconds (success: True)[0m
[36m2026-08-10 06:12:15.681 DEBUG (MainThread) [custom_components.rss_podcast_journal] Finished fetching rss_podcast_journal data in 0.179 seconds (success: True)[0m
[36m2026-08-10 06:42:15.627 DEBUG (MainThread) [custom_components.rss_podcast_journal] Finished fetching rss_podcast_journal data in 0.147 seconds (success: True)[0m
[36m2026-08-10 07:12:15.656 DEBUG (MainThread) [custom_components.rss_podcast_journal] Finished fetching rss_podcast_journal data in 0.185 seconds (success: True)[0m
[36m2026-08-10 07:42:15.600 DEBUG (MainThread) [custom_components.rss_podcast_journal] Finished fetching rss_podcast_journal data in 0.122 seconds (success: True)[0m
[36m2026-08-10 08:12:15.630 DEBUG (MainThread) [custom_components.rss_podcast_journal] Finished fetching rss_podcast_journal data in 0.145 seconds (success: True)[0m
[36m2026-08-10 08:42:15.690 DEBUG (MainThread) [custom_components.rss_podcast_journal] Finished fetching rss_podcast_journal data in 0.210 seconds (success: True)[0m
[36m2026-08-10 09:12:15.756 DEBUG (MainThread) [custom_components.rss_podcast_journal] Finished fetching rss_podcast_journal data in 0.231 seconds (success: True)[0m
[36m2026-08-10 09:42:15.671 DEBUG (MainThread) [custom_components.rss_podcast_journal] Finished fetching rss_podcast_journal data in 0.127 seconds (success: True)[0m
[36m2026-08-10 10:12:15.650 DEBUG (MainThread) [custom_components.rss_podcast_journal] Finished fetching rss_podcast_journal data in 0.147 seconds (success: True)[0m
[36m2026-08-10 10:42:15.656 DEBUG (MainThread) [custom_components.rss_podcast_journal] Finished fetching rss_podcast_journal data in 0.155 seconds (success: True)[0m
[36m2026-08-10 11:12:15.729 DEBUG (MainThread) [custom_components.rss_podcast_journal] Finished fetching rss_podcast_journal data in 0.231 seconds (success: True)[0m
[36m2026-08-10 11:42:15.633 DEBUG (MainThread) [custom_components.rss_podcast_journal] Finished fetching rss_podcast_journal data in 0.132 seconds (success: True)[0m
[36m2026-08-10 12:12:15.629 DEBUG (MainThread) [custom_components.rss_podcast_journal] Finished fetching rss_podcast_journal data in 0.126 seconds (success: True)[0m
[36m2026-08-10 12:42:15.724 DEBUG (MainThread) [custom_components.rss_podcast_journal] Finished fetching rss_podcast_journal data in 0.213 seconds (success: True)[0m
[36m2026-08-10 13:12:15.686 DEBUG (MainThread) [custom_components.rss_podcast_journal] Finished fetching rss_podcast_journal data in 0.172 seconds (success: True)[0m
[36m2026-08-10 13:42:15.656 DEBUG (MainThread) [custom_components.rss_podcast_journal] Finished fetching rss_podcast_journal data in 0.138 seconds (success: True)[0m
[36m2026-08-10 14:12:15.694 DEBUG (MainThread) [custom_components.rss_podcast_journal] Finished fetching rss_podcast_journal data in 0.154 seconds (success: True)[0m
[36m2026-08-10 14:42:15.705 DEBUG (MainThread) [custom_components.rss_podcast_journal] Finished fetching rss_podcast_journal data in 0.192 seconds (success: True)[0m
[36m2026-08-10 15:12:15.634 DEBUG (MainThread) [custom_components.rss_podcast_journal] Finished fetching rss_podcast_journal data in 0.155 seconds (success: True)[0m
[36m2026-08-10 15:42:15.664 DEBUG (MainThread) [custom_components.rss_podcast_journal] Finished fetching rss_podcast_journal data in 0.132 seconds (success: True)[0m
[33m2026-08-10 15:48:49.022 WARNING (MainThread) [asyncio] Executing <TimerHandle when=1163184.406053031 _TrackTimeInterval._interval_listener(<Job Recorder...nt.py:1631>)>>) created at /usr/local/python/current/lib/python3.14/site-packages/homeassistant/helpers/event.py:1631> took 0.418 seconds[0m
[36m2026-08-10 16:12:15.702 DEBUG (MainThread) [custom_components.rss_podcast_journal] Finished fetching rss_podcast_journal data in 0.150 seconds (success: True)[0m
[36m2026-08-10 16:42:15.714 DEBUG (MainThread) [custom_components.rss_podcast_journal] Finished fetching rss_podcast_journal data in 0.169 seconds (success: True)[0m
[36m2026-08-10 17:12:15.670 DEBUG (MainThread) [custom_components.rss_podcast_journal] Finished fetching rss_podcast_journal data in 0.117 seconds (success: True)[0m
[33m2026-08-10 17:32:24.296 WARNING (MainThread) [asyncio] Executing <TimerHandle when=1169400.372932566 AsyncEngine._async_cache_cleanup() created at /usr/local/python/current/lib/python3.14/site-packages/zeroconf/_engine.py:144> took 0.209 seconds[0m
[36m2026-08-10 17:42:15.671 DEBUG (MainThread) [custom_components.rss_podcast_journal] Finished fetching rss_podcast_journal data in 0.165 seconds (success: True)[0m
[33m2026-08-10 17:57:06.097 WARNING (MainThread) [asyncio] Executing <TimerHandle when=1170881.770392907 AsyncEngine._async_cache_cleanup() created at /usr/local/python/current/lib/python3.14/site-packages/zeroconf/_engine.py:144> took 0.729 seconds[0m
[36m2026-08-10 18:12:15.705 DEBUG (MainThread) [custom_components.rss_podcast_journal] Finished fetching rss_podcast_journal data in 0.237 seconds (success: True)[0m
[33m2026-08-10 18:32:57.737 WARNING (MainThread) [asyncio] Executing <TimerHandle when=1173033.461235137 AsyncEngine._async_cache_cleanup() created at /usr/local/python/current/lib/python3.14/site-packages/zeroconf/_engine.py:144> took 0.243 seconds[0m
[36m2026-08-10 18:42:15.617 DEBUG (MainThread) [custom_components.rss_podcast_journal] Finished fetching rss_podcast_journal data in 0.135 seconds (success: True)[0m
[36m2026-08-10 19:12:15.660 DEBUG (MainThread) [custom_components.rss_podcast_journal] Finished fetching rss_podcast_journal data in 0.209 seconds (success: True)[0m
[36m2026-08-10 19:42:15.789 DEBUG (MainThread) [custom_components.rss_podcast_journal] Finished fetching rss_podcast_journal data in 0.337 seconds (success: True)[0m
[33m2026-08-10 19:45:17.954 WARNING (MainThread) [asyncio] Executing <TimerHandle when=1177373.686219735 EntityPlatform._async_handle_interval_callback() created at /usr/local/python/current/lib/python3.14/site-packages/homeassistant/helpers/entity_platform.py:793> took 0.955 seconds[0m
[36m2026-08-10 20:12:15.752 DEBUG (MainThread) [custom_components.rss_podcast_journal] Finished fetching rss_podcast_journal data in 0.254 seconds (success: True)[0m
[33m2026-08-10 20:37:04.649 WARNING (MainThread) [asyncio] Executing <TimerHandle when=1180479.668429021 EntityPlatform._async_handle_interval_callback() created at /usr/local/python/current/lib/python3.14/site-packages/homeassistant/helpers/entity_platform.py:793> took 1.650 seconds[0m
[36m2026-08-10 20:42:15.737 DEBUG (MainThread) [custom_components.rss_podcast_journal] Finished fetching rss_podcast_journal data in 0.221 seconds (success: True)[0m
[36m2026-08-10 21:12:15.606 DEBUG (MainThread) [custom_components.rss_podcast_journal] Finished fetching rss_podcast_journal data in 0.106 seconds (success: True)[0m
[36m2026-08-10 21:42:15.759 DEBUG (MainThread) [custom_components.rss_podcast_journal] Finished fetching rss_podcast_journal data in 0.217 seconds (success: True)[0m
[36m2026-08-10 22:12:17.337 DEBUG (MainThread) [custom_components.rss_podcast_journal] Finished fetching rss_podcast_journal data in 1.774 seconds (success: True)[0m
[36m2026-08-10 22:42:18.165 DEBUG (MainThread) [custom_components.rss_podcast_journal] Finished fetching rss_podcast_journal data in 1.611 seconds (success: True)[0m
[36m2026-08-10 23:12:19.122 DEBUG (MainThread) [custom_components.rss_podcast_journal] Finished fetching rss_podcast_journal data in 1.586 seconds (success: True)[0m
[36m2026-08-10 23:42:20.161 DEBUG (MainThread) [custom_components.rss_podcast_journal] Finished fetching rss_podcast_journal data in 1.645 seconds (success: True)[0m
[36m2026-08-11 00:12:21.119 DEBUG (MainThread) [custom_components.rss_podcast_journal] Finished fetching rss_podcast_journal data in 1.602 seconds (success: True)[0m
[36m2026-08-11 00:42:20.969 DEBUG (MainThread) [custom_components.rss_podcast_journal] Finished fetching rss_podcast_journal data in 0.441 seconds (success: True)[0m
[36m2026-08-11 01:12:20.789 DEBUG (MainThread) [custom_components.rss_podcast_journal] Finished fetching rss_podcast_journal data in 0.219 seconds (success: True)[0m
[36m2026-08-11 01:42:20.735 DEBUG (MainThread) [custom_components.rss_podcast_journal] Finished fetching rss_podcast_journal data in 0.180 seconds (success: True)[0m
[36m2026-08-11 02:12:20.810 DEBUG (MainThread) [custom_components.rss_podcast_journal] Finished fetching rss_podcast_journal data in 0.241 seconds (success: True)[0m
[36m2026-08-11 02:42:20.874 DEBUG (MainThread) [custom_components.rss_podcast_journal] Finished fetching rss_podcast_journal data in 0.305 seconds (success: True)[0m
[33m2026-08-11 02:51:46.098 WARNING (MainThread) [asyncio] Executing <TimerHandle when=1202961.871861377 EntityPlatform._async_handle_interval_callback() created at /usr/local/python/current/lib/python3.14/site-packages/homeassistant/helpers/entity_platform.py:793> took 0.361 seconds[0m
[36m2026-08-11 03:12:20.810 DEBUG (MainThread) [custom_components.rss_podcast_journal] Finished fetching rss_podcast_journal data in 0.235 seconds (success: True)[0m
[33m2026-08-11 03:35:31.823 WARNING (MainThread) [asyncio] Executing <TimerHandle when=1205588.225692029 EntityPlatform._async_handle_interval_callback() created at /usr/local/python/current/lib/python3.14/site-packages/homeassistant/helpers/entity_platform.py:793> took 0.147 seconds[0m
[36m2026-08-11 03:42:20.778 DEBUG (MainThread) [custom_components.rss_podcast_journal] Finished fetching rss_podcast_journal data in 0.204 seconds (success: True)[0m
[36m2026-08-11 04:12:20.976 DEBUG (MainThread) [custom_components.rss_podcast_journal] Finished fetching rss_podcast_journal data in 0.404 seconds (success: True)[0m
[33m2026-08-11 04:17:18.733 WARNING (MainThread) [asyncio] Executing <TimerHandle when=1208094.108857044 EntityPlatform._async_handle_interval_callback() created at /usr/local/python/current/lib/python3.14/site-packages/homeassistant/helpers/entity_platform.py:793> took 0.919 seconds[0m
[33m2026-08-11 04:17:19.205 WARNING (MainThread) [asyncio] Executing <TimerHandle when=1208095.664083588 AsyncEngine._async_cache_cleanup() created at /usr/local/python/current/lib/python3.14/site-packages/zeroconf/_engine.py:144> took 0.150 seconds[0m
[36m2026-08-11 04:42:22.670 DEBUG (MainThread) [custom_components.rss_podcast_journal] Finished fetching rss_podcast_journal data in 2.163 seconds (success: True)[0m
[36m2026-08-11 05:12:22.800 DEBUG (MainThread) [custom_components.rss_podcast_journal] Finished fetching rss_podcast_journal data in 0.263 seconds (success: True)[0m
[36m2026-08-11 05:42:22.721 DEBUG (MainThread) [custom_components.rss_podcast_journal] Finished fetching rss_podcast_journal data in 0.143 seconds (success: True)[0m
[36m2026-08-11 06:12:22.691 DEBUG (MainThread) [custom_components.rss_podcast_journal] Finished fetching rss_podcast_journal data in 0.139 seconds (success: True)[0m
[36m2026-08-11 06:42:22.729 DEBUG (MainThread) [custom_components.rss_podcast_journal] Finished fetching rss_podcast_journal data in 0.145 seconds (success: True)[0m
[36m2026-08-11 07:12:22.735 DEBUG (MainThread) [custom_components.rss_podcast_journal] Finished fetching rss_podcast_journal data in 0.160 seconds (success: True)[0m
[36m2026-08-11 07:42:22.694 DEBUG (MainThread) [custom_components.rss_podcast_journal] Finished fetching rss_podcast_journal data in 0.140 seconds (success: True)[0m
[36m2026-08-11 08:12:22.643 DEBUG (MainThread) [custom_components.rss_podcast_journal] Finished fetching rss_podcast_journal data in 0.127 seconds (success: True)[0m
[36m2026-08-11 08:42:22.642 DEBUG (MainThread) [custom_components.rss_podcast_journal] Finished fetching rss_podcast_journal data in 0.141 seconds (success: True)[0m
[36m2026-08-11 09:12:22.702 DEBUG (MainThread) [custom_components.rss_podcast_journal] Finished fetching rss_podcast_journal data in 0.134 seconds (success: True)[0m
[36m2026-08-11 09:42:22.809 DEBUG (MainThread) [custom_components.rss_podcast_journal] Finished fetching rss_podcast_journal data in 0.202 seconds (success: True)[0m
[36m2026-08-11 10:12:22.760 DEBUG (MainThread) [custom_components.rss_podcast_journal] Finished fetching rss_podcast_journal data in 0.151 seconds (success: True)[0m
[36m2026-08-11 10:42:22.747 DEBUG (MainThread) [custom_components.rss_podcast_journal] Finished fetching rss_podcast_journal data in 0.170 seconds (success: True)[0m
[36m2026-08-11 11:12:22.760 DEBUG (MainThread) [custom_components.rss_podcast_journal] Finished fetching rss_podcast_journal data in 0.152 seconds (success: True)[0m
[36m2026-08-11 11:42:23.715 DEBUG (MainThread) [custom_components.rss_podcast_journal] Finished fetching rss_podcast_journal data in 1.102 seconds (success: True)[0m
[36m2026-08-11 12:12:24.170 DEBUG (MainThread) [custom_components.rss_podcast_journal] Finished fetching rss_podcast_journal data in 0.539 seconds (success: True)[0m
[36m2026-08-11 12:42:24.431 DEBUG (MainThread) [custom_components.rss_podcast_journal] Finished fetching rss_podcast_journal data in 0.810 seconds (success: True)[0m
[36m2026-08-11 13:12:24.747 DEBUG (MainThread) [custom_components.rss_podcast_journal] Finished fetching rss_podcast_journal data in 0.138 seconds (success: True)[0m
[36m2026-08-11 13:42:24.705 DEBUG (MainThread) [custom_components.rss_podcast_journal] Finished fetching rss_podcast_journal data in 0.103 seconds (success: True)[0m
[36m2026-08-11 14:12:24.834 DEBUG (MainThread) [custom_components.rss_podcast_journal] Finished fetching rss_podcast_journal data in 0.238 seconds (success: True)[0m
[36m2026-08-11 14:42:24.843 DEBUG (MainThread) [custom_components.rss_podcast_journal] Finished fetching rss_podcast_journal data in 0.217 seconds (success: True)[0m
[36m2026-08-11 15:12:24.833 DEBUG (MainThread) [custom_components.rss_podcast_journal] Finished fetching rss_podcast_journal data in 0.197 seconds (success: True)[0m
[36m2026-08-11 15:42:24.872 DEBUG (MainThread) [custom_components.rss_podcast_journal] Finished fetching rss_podcast_journal data in 0.227 seconds (success: True)[0m
[36m2026-08-11 16:12:24.806 DEBUG (MainThread) [custom_components.rss_podcast_journal] Finished fetching rss_podcast_journal data in 0.208 seconds (success: True)[0m
[36m2026-08-11 16:42:25.004 DEBUG (MainThread) [custom_components.rss_podcast_journal] Finished fetching rss_podcast_journal data in 0.367 seconds (success: True)[0m
[36m2026-08-11 17:12:24.899 DEBUG (MainThread) [custom_components.rss_podcast_journal] Finished fetching rss_podcast_journal data in 0.252 seconds (success: True)[0m
[33m2026-08-11 17:40:52.043 WARNING (MainThread) [asyncio] Executing <TimerHandle when=1256306.883806467 _TrackPointUTCTime(hass=<HomeAssistant RUNNING>, job=<Job time change listener None:None:range(0, 60, 5) <bound method DeviceTracker.async_update_stale of <homeassistant.components.device_tracker.legacy.DeviceTracker object at 0xffff4f3d2660>> HassJobType.Callback <bound method _TrackUTCTimeChange._pattern_time_change_listener of _TrackUTCTimeChange(hass=<HomeAssistant RUNNING>, time_match_expression=([0, 5, 10, 15, 20, 25, 30, 35, 40, 45, 50, 55], [0, 1, 2, 3, 4, 5, 6, 7, 8, 9, 10, 11, 12, 13, 14, 15, 16, 17, 18, 19, 20, 21, 22, 23, 24, 25, 26, 27, 28, 29, 30, 31, 32, 33, 34, 35, 36, 37, 38, 39, 40, 41, 42, 43, 44, 45, 46, 47, 48, 49, 50, 51, 52, 53, 54, 55, 56, 57, 58, 59], [0, 1, 2, 3, 4, 5, 6, 7, 8, 9, 10, 11, 12, 13, 14, 15, 16, 17, 18, 19, 20, 21, 22, 23]), microsecond=333289, local=False, job=<Job track time change None:None:range(0, 60, 5) local=False HassJobType.Callback <bound method DeviceTracker.async_update_stale of <homeassistant.components.device_tracker.legacy.DeviceTracker object at 0xffff4f3d2660>>>, listener_job_name='time change listener None:None:range(0, 60, 5) <bound method DeviceTracker.async_update_stale of <homeassistant.components.device_tracker.legacy.DeviceTracker object at 0xffff4f3d2660>>', _pattern_time_change_listener_job=<Job time change listener None:None:range(0, 60, 5) <bound method DeviceTracker.async_update_stale of <homeassistant.components.device_tracker.legacy.DeviceTracker object at 0xffff4f3d2660>> HassJobType.Callback <bound method _TrackUTCTimeChange._pattern_time_change_listener of ...>>, _cancel_callback=<bound method _TrackPointUTCTime.async_cancel of _TrackPointUTCTime(hass=<HomeAssistant RUNNING>, job=<Job time change listener None:None:range(0, 60, 5) <bound method DeviceTracker.async_update_stale of <homeassistant.components.device_tracker.legacy.DeviceTracker object at 0xffff4f3d2660>> HassJobType.Callback <bound method _TrackUTCTimeChange._pattern_time_change_listener of ...>>, utc_point_in_time=datetime.datetime(2026, 8, 11, 17, 40, 55, 333289, tzinfo=datetime.timezone.utc), expected_fire_timestamp=1786470055.333289, _cancel_callback=<TimerHandle when=1256311.8837969303 ...() created at /usr/local/python/current/lib/python3.14/site-packages/homeassistant/helpers/event.py:1485>)>)>>, utc_point_in_time=datetime.datetime(2026, 8, 11, 17, 40, 50, 333289, tzinfo=datetime.timezone.utc), expected_fire_timestamp=1786470050.333289, _cancel_callback=<TimerHandle when=1256306.883806467 ...() created at /usr/local/python/current/lib/python3.14/site-packages/homeassistant/helpers/event.py:1485>)() created at /usr/local/python/current/lib/python3.14/site-packages/homeassistant/helpers/event.py:1485> took 0.783 seconds[0m
[36m2026-08-11 17:42:24.813 DEBUG (MainThread) [custom_components.rss_podcast_journal] Finished fetching rss_podcast_journal data in 0.163 seconds (success: True)[0m
[36m2026-08-11 18:12:24.812 DEBUG (MainThread) [custom_components.rss_podcast_journal] Finished fetching rss_podcast_journal data in 0.170 seconds (success: True)[0m
[36m2026-08-11 18:42:24.951 DEBUG (MainThread) [custom_components.rss_podcast_journal] Finished fetching rss_podcast_journal data in 0.326 seconds (success: True)[0m
[36m2026-08-11 19:12:24.955 DEBUG (MainThread) [custom_components.rss_podcast_journal] Finished fetching rss_podcast_journal data in 0.355 seconds (success: True)[0m
[36m2026-08-11 19:42:24.792 DEBUG (MainThread) [custom_components.rss_podcast_journal] Finished fetching rss_podcast_journal data in 0.198 seconds (success: True)[0m
[36m2026-08-11 20:12:24.972 DEBUG (MainThread) [custom_components.rss_podcast_journal] Finished fetching rss_podcast_journal data in 0.398 seconds (success: True)[0m
[36m2026-08-11 20:42:24.723 DEBUG (MainThread) [custom_components.rss_podcast_journal] Finished fetching rss_podcast_journal data in 0.130 seconds (success: True)[0m
[36m2026-08-11 21:12:24.726 DEBUG (MainThread) [custom_components.rss_podcast_journal] Finished fetching rss_podcast_journal data in 0.131 seconds (success: True)[0m
[36m2026-08-11 21:42:24.721 DEBUG (MainThread) [custom_components.rss_podcast_journal] Finished fetching rss_podcast_journal data in 0.114 seconds (success: True)[0m
[36m2026-08-11 22:12:26.380 DEBUG (MainThread) [custom_components.rss_podcast_journal] Finished fetching rss_podcast_journal data in 1.768 seconds (success: True)[0m
[36m2026-08-11 22:42:27.050 DEBUG (MainThread) [custom_components.rss_podcast_journal] Finished fetching rss_podcast_journal data in 1.444 seconds (success: True)[0m
[36m2026-08-11 23:12:28.282 DEBUG (MainThread) [custom_components.rss_podcast_journal] Finished fetching rss_podcast_journal data in 1.655 seconds (success: True)[0m
[36m2026-08-11 23:42:29.082 DEBUG (MainThread) [custom_components.rss_podcast_journal] Finished fetching rss_podcast_journal data in 1.462 seconds (success: True)[0m
[36m2026-08-12 00:12:30.267 DEBUG (MainThread) [custom_components.rss_podcast_journal] Finished fetching rss_podcast_journal data in 1.605 seconds (success: True)[0m
[36m2026-08-12 00:42:29.962 DEBUG (MainThread) [custom_components.rss_podcast_journal] Finished fetching rss_podcast_journal data in 0.334 seconds (success: True)[0m
[36m2026-08-12 01:12:29.927 DEBUG (MainThread) [custom_components.rss_podcast_journal] Finished fetching rss_podcast_journal data in 0.300 seconds (success: True)[0m
[36m2026-08-12 01:42:29.896 DEBUG (MainThread) [custom_components.rss_podcast_journal] Finished fetching rss_podcast_journal data in 0.283 seconds (success: True)[0m
[36m2026-08-12 02:12:29.885 DEBUG (MainThread) [custom_components.rss_podcast_journal] Finished fetching rss_podcast_journal data in 0.279 seconds (success: True)[0m
[36m2026-08-12 02:42:29.837 DEBUG (MainThread) [custom_components.rss_podcast_journal] Finished fetching rss_podcast_journal data in 0.224 seconds (success: True)[0m
[36m2026-08-12 03:12:29.935 DEBUG (MainThread) [custom_components.rss_podcast_journal] Finished fetching rss_podcast_journal data in 0.312 seconds (success: True)[0m
[36m2026-08-12 03:42:30.027 DEBUG (MainThread) [custom_components.rss_podcast_journal] Finished fetching rss_podcast_journal data in 0.356 seconds (success: True)[0m
[33m2026-08-12 04:08:59.921 WARNING (MainThread) [asyncio] Executing <TimerHandle when=1293994.113263554 _TrackTimeInterval._interval_listener(<Job Recorder...nt.py:1631>)>>) created at /usr/local/python/current/lib/python3.14/site-packages/homeassistant/helpers/event.py:1631> took 1.101 seconds[0m
[36m2026-08-12 04:12:29.889 DEBUG (MainThread) [custom_components.rss_podcast_journal] Finished fetching rss_podcast_journal data in 0.201 seconds (success: True)[0m
[33m2026-08-12 04:40:17.871 WARNING (MainThread) [asyncio] Executing <TimerHandle when=1295873.523358781 EntityPlatform._async_handle_interval_callback() created at /usr/local/python/current/lib/python3.14/site-packages/homeassistant/helpers/entity_platform.py:793> took 0.363 seconds[0m
[33m2026-08-12 04:42:12.317 WARNING (MainThread) [asyncio] Executing <TimerHandle when=1295988.639863335 AsyncEngine._async_cache_cleanup() created at /usr/local/python/current/lib/python3.14/site-packages/zeroconf/_engine.py:144> took 0.115 seconds[0m
[36m2026-08-12 04:42:29.880 DEBUG (MainThread) [custom_components.rss_podcast_journal] Finished fetching rss_podcast_journal data in 0.254 seconds (success: True)[0m
[36m2026-08-12 05:12:29.761 DEBUG (MainThread) [custom_components.rss_podcast_journal] Finished fetching rss_podcast_journal data in 0.183 seconds (success: True)[0m
[36m2026-08-12 05:42:30.065 DEBUG (MainThread) [custom_components.rss_podcast_journal] Finished fetching rss_podcast_journal data in 0.388 seconds (success: True)[0m
[36m2026-08-12 06:12:29.942 DEBUG (MainThread) [custom_components.rss_podcast_journal] Finished fetching rss_podcast_journal data in 0.231 seconds (success: True)[0m
[36m2026-08-12 06:42:29.748 DEBUG (MainThread) [custom_components.rss_podcast_journal] Finished fetching rss_podcast_journal data in 0.111 seconds (success: True)[0m
[36m2026-08-12 07:12:29.845 DEBUG (MainThread) [custom_components.rss_podcast_journal] Finished fetching rss_podcast_journal data in 0.222 seconds (success: True)[0m
[36m2026-08-12 07:42:29.781 DEBUG (MainThread) [custom_components.rss_podcast_journal] Finished fetching rss_podcast_journal data in 0.113 seconds (success: True)[0m
[36m2026-08-12 08:12:29.933 DEBUG (MainThread) [custom_components.rss_podcast_journal] Finished fetching rss_podcast_journal data in 0.226 seconds (success: True)[0m
[36m2026-08-12 08:42:29.800 DEBUG (MainThread) [custom_components.rss_podcast_journal] Finished fetching rss_podcast_journal data in 0.087 seconds (success: True)[0m
[36m2026-08-12 09:12:29.937 DEBUG (MainThread) [custom_components.rss_podcast_journal] Finished fetching rss_podcast_journal data in 0.230 seconds (success: True)[0m
[36m2026-08-12 09:42:29.824 DEBUG (MainThread) [custom_components.rss_podcast_journal] Finished fetching rss_podcast_journal data in 0.150 seconds (success: True)[0m
[36m2026-08-12 10:12:29.831 DEBUG (MainThread) [custom_components.rss_podcast_journal] Finished fetching rss_podcast_journal data in 0.161 seconds (success: True)[0m
[36m2026-08-12 10:42:29.756 DEBUG (MainThread) [custom_components.rss_podcast_journal] Finished fetching rss_podcast_journal data in 0.098 seconds (success: True)[0m
[36m2026-08-12 11:12:29.810 DEBUG (MainThread) [custom_components.rss_podcast_journal] Finished fetching rss_podcast_journal data in 0.127 seconds (success: True)[0m
[36m2026-08-12 11:42:29.801 DEBUG (MainThread) [custom_components.rss_podcast_journal] Finished fetching rss_podcast_journal data in 0.130 seconds (success: True)[0m
[36m2026-08-12 12:12:29.819 DEBUG (MainThread) [custom_components.rss_podcast_journal] Finished fetching rss_podcast_journal data in 0.133 seconds (success: True)[0m
[36m2026-08-12 12:42:29.819 DEBUG (MainThread) [custom_components.rss_podcast_journal] Finished fetching rss_podcast_journal data in 0.147 seconds (success: True)[0m
[36m2026-08-12 13:12:29.787 DEBUG (MainThread) [custom_components.rss_podcast_journal] Finished fetching rss_podcast_journal data in 0.146 seconds (success: True)[0m
[36m2026-08-12 13:42:29.709 DEBUG (MainThread) [custom_components.rss_podcast_journal] Finished fetching rss_podcast_journal data in 0.100 seconds (success: True)[0m
[36m2026-08-12 14:12:29.834 DEBUG (MainThread) [custom_components.rss_podcast_journal] Finished fetching rss_podcast_journal data in 0.119 seconds (success: True)[0m
[36m2026-08-12 14:42:29.880 DEBUG (MainThread) [custom_components.rss_podcast_journal] Finished fetching rss_podcast_journal data in 0.191 seconds (success: True)[0m
[36m2026-08-12 15:12:29.962 DEBUG (MainThread) [custom_components.rss_podcast_journal] Finished fetching rss_podcast_journal data in 0.271 seconds (success: True)[0m
[36m2026-08-12 15:42:29.859 DEBUG (MainThread) [custom_components.rss_podcast_journal] Finished fetching rss_podcast_journal data in 0.166 seconds (success: True)[0m
[36m2026-08-12 16:12:29.913 DEBUG (MainThread) [custom_components.rss_podcast_journal] Finished fetching rss_podcast_journal data in 0.210 seconds (success: True)[0m
[36m2026-08-12 16:42:29.815 DEBUG (MainThread) [custom_components.rss_podcast_journal] Finished fetching rss_podcast_journal data in 0.113 seconds (success: True)[0m
[36m2026-08-12 17:12:29.865 DEBUG (MainThread) [custom_components.rss_podcast_journal] Finished fetching rss_podcast_journal data in 0.165 seconds (success: True)[0m
[33m2026-08-12 17:29:29.317 WARNING (MainThread) [asyncio] Executing <TimerHandle when=1342024.684678581 _TrackTimeInterval._interval_listener(<Job Recorder...nt.py:1631>)>>) created at /usr/local/python/current/lib/python3.14/site-packages/homeassistant/helpers/event.py:1631> took 0.253 seconds[0m
[33m2026-08-12 17:39:16.489 WARNING (MainThread) [asyncio] Executing <TimerHandle when=1342612.361303013 AsyncEngine._async_cache_cleanup() created at /usr/local/python/current/lib/python3.14/site-packages/zeroconf/_engine.py:144> took 0.453 seconds[0m
[33m2026-08-12 17:39:17.685 WARNING (MainThread) [asyncio] Executing <TimerHandle when=1342613.984726775 _TrackTimeInterval._interval_listener(<Job RestoreS...nt.py:1631>)>>) created at /usr/local/python/current/lib/python3.14/site-packages/homeassistant/helpers/event.py:1631> took 0.140 seconds[0m
[36m2026-08-12 17:42:29.857 DEBUG (MainThread) [custom_components.rss_podcast_journal] Finished fetching rss_podcast_journal data in 0.131 seconds (success: True)[0m
[36m2026-08-12 18:12:30.272 DEBUG (MainThread) [custom_components.rss_podcast_journal] Finished fetching rss_podcast_journal data in 0.537 seconds (success: True)[0m
[36m2026-08-12 18:42:29.824 DEBUG (MainThread) [custom_components.rss_podcast_journal] Finished fetching rss_podcast_journal data in 0.127 seconds (success: True)[0m
[36m2026-08-12 19:12:29.849 DEBUG (MainThread) [custom_components.rss_podcast_journal] Finished fetching rss_podcast_journal data in 0.122 seconds (success: True)[0m
[36m2026-08-12 19:42:29.854 DEBUG (MainThread) [custom_components.rss_podcast_journal] Finished fetching rss_podcast_journal data in 0.117 seconds (success: True)[0m
[36m2026-08-12 20:12:29.807 DEBUG (MainThread) [custom_components.rss_podcast_journal] Finished fetching rss_podcast_journal data in 0.111 seconds (success: True)[0m
[36m2026-08-12 20:42:29.937 DEBUG (MainThread) [custom_components.rss_podcast_journal] Finished fetching rss_podcast_journal data in 0.203 seconds (success: True)[0m
[36m2026-08-12 21:12:29.920 DEBUG (MainThread) [custom_components.rss_podcast_journal] Finished fetching rss_podcast_journal data in 0.207 seconds (success: True)[0m
[36m2026-08-12 21:42:29.977 DEBUG (MainThread) [custom_components.rss_podcast_journal] Finished fetching rss_podcast_journal data in 0.235 seconds (success: True)[0m
[36m2026-08-12 22:12:31.341 DEBUG (MainThread) [custom_components.rss_podcast_journal] Finished fetching rss_podcast_journal data in 1.601 seconds (success: True)[0m
[36m2026-08-12 22:42:32.469 DEBUG (MainThread) [custom_components.rss_podcast_journal] Finished fetching rss_podcast_journal data in 1.728 seconds (success: True)[0m
[36m2026-08-12 23:12:33.406 DEBUG (MainThread) [custom_components.rss_podcast_journal] Finished fetching rss_podcast_journal data in 1.665 seconds (success: True)[0m
[36m2026-08-12 23:42:34.259 DEBUG (MainThread) [custom_components.rss_podcast_journal] Finished fetching rss_podcast_journal data in 1.542 seconds (success: True)[0m
[36m2026-08-13 00:12:35.387 DEBUG (MainThread) [custom_components.rss_podcast_journal] Finished fetching rss_podcast_journal data in 1.675 seconds (success: True)[0m
[36m2026-08-13 00:42:35.206 DEBUG (MainThread) [custom_components.rss_podcast_journal] Finished fetching rss_podcast_journal data in 0.441 seconds (success: True)[0m
[36m2026-08-13 01:12:34.955 DEBUG (MainThread) [custom_components.rss_podcast_journal] Finished fetching rss_podcast_journal data in 0.188 seconds (success: True)[0m
[36m2026-08-13 01:42:34.975 DEBUG (MainThread) [custom_components.rss_podcast_journal] Finished fetching rss_podcast_journal data in 0.223 seconds (success: True)[0m
[36m2026-08-13 02:12:34.964 DEBUG (MainThread) [custom_components.rss_podcast_journal] Finished fetching rss_podcast_journal data in 0.231 seconds (success: True)[0m
[36m2026-08-13 02:42:35.162 DEBUG (MainThread) [custom_components.rss_podcast_journal] Finished fetching rss_podcast_journal data in 0.400 seconds (success: True)[0m
[36m2026-08-13 03:12:35.010 DEBUG (MainThread) [custom_components.rss_podcast_journal] Finished fetching rss_podcast_journal data in 0.282 seconds (success: True)[0m
[36m2026-08-13 03:42:35.020 DEBUG (MainThread) [custom_components.rss_podcast_journal] Finished fetching rss_podcast_journal data in 0.283 seconds (success: True)[0m
[36m2026-08-13 04:12:35.047 DEBUG (MainThread) [custom_components.rss_podcast_journal] Finished fetching rss_podcast_journal data in 0.309 seconds (success: True)[0m
[36m2026-08-13 04:42:34.963 DEBUG (MainThread) [custom_components.rss_podcast_journal] Finished fetching rss_podcast_journal data in 0.229 seconds (success: True)[0m
[36m2026-08-13 05:12:34.902 DEBUG (MainThread) [custom_components.rss_podcast_journal] Finished fetching rss_podcast_journal data in 0.156 seconds (success: True)[0m
[36m2026-08-13 05:42:34.903 DEBUG (MainThread) [custom_components.rss_podcast_journal] Finished fetching rss_podcast_journal data in 0.136 seconds (success: True)[0m
[36m2026-08-13 06:12:34.923 DEBUG (MainThread) [custom_components.rss_podcast_journal] Finished fetching rss_podcast_journal data in 0.125 seconds (success: True)[0m
[36m2026-08-13 06:42:34.946 DEBUG (MainThread) [custom_components.rss_podcast_journal] Finished fetching rss_podcast_journal data in 0.138 seconds (success: True)[0m
[36m2026-08-13 07:12:34.894 DEBUG (MainThread) [custom_components.rss_podcast_journal] Finished fetching rss_podcast_journal data in 0.134 seconds (success: True)[0m
[36m2026-08-13 07:42:34.877 DEBUG (MainThread) [custom_components.rss_podcast_journal] Finished fetching rss_podcast_journal data in 0.126 seconds (success: True)[0m
[36m2026-08-13 08:12:34.832 DEBUG (MainThread) [custom_components.rss_podcast_journal] Finished fetching rss_podcast_journal data in 0.099 seconds (success: True)[0m
[36m2026-08-13 08:42:34.929 DEBUG (MainThread) [custom_components.rss_podcast_journal] Finished fetching rss_podcast_journal data in 0.191 seconds (success: True)[0m
[36m2026-08-13 09:12:34.936 DEBUG (MainThread) [custom_components.rss_podcast_journal] Finished fetching rss_podcast_journal data in 0.131 seconds (success: True)[0m
[36m2026-08-13 09:42:35.007 DEBUG (MainThread) [custom_components.rss_podcast_journal] Finished fetching rss_podcast_journal data in 0.169 seconds (success: True)[0m
[36m2026-08-13 10:12:34.976 DEBUG (MainThread) [custom_components.rss_podcast_journal] Finished fetching rss_podcast_journal data in 0.210 seconds (success: True)[0m
[36m2026-08-13 10:42:34.943 DEBUG (MainThread) [custom_components.rss_podcast_journal] Finished fetching rss_podcast_journal data in 0.164 seconds (success: True)[0m
[36m2026-08-13 11:12:34.966 DEBUG (MainThread) [custom_components.rss_podcast_journal] Finished fetching rss_podcast_journal data in 0.187 seconds (success: True)[0m
[36m2026-08-13 11:42:34.984 DEBUG (MainThread) [custom_components.rss_podcast_journal] Finished fetching rss_podcast_journal data in 0.138 seconds (success: True)[0m
[36m2026-08-13 12:12:35.037 DEBUG (MainThread) [custom_components.rss_podcast_journal] Finished fetching rss_podcast_journal data in 0.219 seconds (success: True)[0m
[36m2026-08-13 12:42:35.061 DEBUG (MainThread) [custom_components.rss_podcast_journal] Finished fetching rss_podcast_journal data in 0.251 seconds (success: True)[0m
[36m2026-08-13 13:12:35.021 DEBUG (MainThread) [custom_components.rss_podcast_journal] Finished fetching rss_podcast_journal data in 0.171 seconds (success: True)[0m
[36m2026-08-13 13:42:35.084 DEBUG (MainThread) [custom_components.rss_podcast_journal] Finished fetching rss_podcast_journal data in 0.217 seconds (success: True)[0m
[36m2026-08-13 14:12:34.997 DEBUG (MainThread) [custom_components.rss_podcast_journal] Finished fetching rss_podcast_journal data in 0.119 seconds (success: True)[0m
[36m2026-08-13 14:42:35.010 DEBUG (MainThread) [custom_components.rss_podcast_journal] Finished fetching rss_podcast_journal data in 0.144 seconds (success: True)[0m
[36m2026-08-13 15:12:34.993 DEBUG (MainThread) [custom_components.rss_podcast_journal] Finished fetching rss_podcast_journal data in 0.126 seconds (success: True)[0m
[36m2026-08-13 15:42:35.931 DEBUG (MainThread) [custom_components.rss_podcast_journal] Finished fetching rss_podcast_journal data in 1.086 seconds (success: True)[0m
[36m2026-08-13 16:12:36.047 DEBUG (MainThread) [custom_components.rss_podcast_journal] Finished fetching rss_podcast_journal data in 0.187 seconds (success: True)[0m
[36m2026-08-13 16:42:35.994 DEBUG (MainThread) [custom_components.rss_podcast_journal] Finished fetching rss_podcast_journal data in 0.119 seconds (success: True)[0m
[36m2026-08-13 17:12:36.134 DEBUG (MainThread) [custom_components.rss_podcast_journal] Finished fetching rss_podcast_journal data in 0.262 seconds (success: True)[0m
[36m2026-08-13 17:42:36.031 DEBUG (MainThread) [custom_components.rss_podcast_journal] Finished fetching rss_podcast_journal data in 0.195 seconds (success: True)[0m
[36m2026-08-13 18:12:36.247 DEBUG (MainThread) [custom_components.rss_podcast_journal] Finished fetching rss_podcast_journal data in 0.419 seconds (success: True)[0m
[36m2026-08-13 18:42:35.984 DEBUG (MainThread) [custom_components.rss_podcast_journal] Finished fetching rss_podcast_journal data in 0.135 seconds (success: True)[0m
[36m2026-08-13 19:12:36.069 DEBUG (MainThread) [custom_components.rss_podcast_journal] Finished fetching rss_podcast_journal data in 0.215 seconds (success: True)[0m
[36m2026-08-13 19:42:36.092 DEBUG (MainThread) [custom_components.rss_podcast_journal] Finished fetching rss_podcast_journal data in 0.246 seconds (success: True)[0m
[36m2026-08-13 20:12:35.995 DEBUG (MainThread) [custom_components.rss_podcast_journal] Finished fetching rss_podcast_journal data in 0.125 seconds (success: True)[0m
[36m2026-08-13 20:42:35.998 DEBUG (MainThread) [custom_components.rss_podcast_journal] Finished fetching rss_podcast_journal data in 0.129 seconds (success: True)[0m
[36m2026-08-13 21:12:36.085 DEBUG (MainThread) [custom_components.rss_podcast_journal] Finished fetching rss_podcast_journal data in 0.213 seconds (success: True)[0m
[36m2026-08-13 21:42:36.003 DEBUG (MainThread) [custom_components.rss_podcast_journal] Finished fetching rss_podcast_journal data in 0.126 seconds (success: True)[0m
[36m2026-08-13 22:12:37.955 DEBUG (MainThread) [custom_components.rss_podcast_journal] Finished fetching rss_podcast_journal data in 2.080 seconds (success: True)[0m
[36m2026-08-13 22:42:39.390 DEBUG (MainThread) [custom_components.rss_podcast_journal] Finished fetching rss_podcast_journal data in 1.517 seconds (success: True)[0m
[36m2026-08-13 23:12:40.350 DEBUG (MainThread) [custom_components.rss_podcast_journal] Finished fetching rss_podcast_journal data in 1.483 seconds (success: True)[0m
[36m2026-08-13 23:42:41.422 DEBUG (MainThread) [custom_components.rss_podcast_journal] Finished fetching rss_podcast_journal data in 1.481 seconds (success: True)[0m
[36m2026-08-14 00:12:42.625 DEBUG (MainThread) [custom_components.rss_podcast_journal] Finished fetching rss_podcast_journal data in 1.674 seconds (success: True)[0m
[36m2026-08-14 00:42:45.100 DEBUG (MainThread) [custom_components.rss_podcast_journal] Finished fetching rss_podcast_journal data in 3.246 seconds (success: True)[0m
[36m2026-08-14 01:12:45.180 DEBUG (MainThread) [custom_components.rss_podcast_journal] Finished fetching rss_podcast_journal data in 0.299 seconds (success: True)[0m
[36m2026-08-14 01:42:45.271 DEBUG (MainThread) [custom_components.rss_podcast_journal] Finished fetching rss_podcast_journal data in 0.335 seconds (success: True)[0m
[36m2026-08-14 02:12:45.251 DEBUG (MainThread) [custom_components.rss_podcast_journal] Finished fetching rss_podcast_journal data in 0.325 seconds (success: True)[0m
[36m2026-08-14 02:42:46.711 DEBUG (MainThread) [custom_components.rss_podcast_journal] Finished fetching rss_podcast_journal data in 1.785 seconds (success: True)[0m
[36m2026-08-14 03:12:46.141 DEBUG (MainThread) [custom_components.rss_podcast_journal] Finished fetching rss_podcast_journal data in 0.188 seconds (success: True)[0m
[36m2026-08-14 03:42:46.356 DEBUG (MainThread) [custom_components.rss_podcast_journal] Finished fetching rss_podcast_journal data in 0.391 seconds (success: True)[0m
[36m2026-08-14 04:12:46.240 DEBUG (MainThread) [custom_components.rss_podcast_journal] Finished fetching rss_podcast_journal data in 0.327 seconds (success: True)[0m
[36m2026-08-14 04:42:46.215 DEBUG (MainThread) [custom_components.rss_podcast_journal] Finished fetching rss_podcast_journal data in 0.267 seconds (success: True)[0m
[36m2026-08-14 05:12:46.063 DEBUG (MainThread) [custom_components.rss_podcast_journal] Finished fetching rss_podcast_journal data in 0.104 seconds (success: True)[0m
[36m2026-08-14 05:42:46.098 DEBUG (MainThread) [custom_components.rss_podcast_journal] Finished fetching rss_podcast_journal data in 0.133 seconds (success: True)[0m
[36m2026-08-14 06:12:46.217 DEBUG (MainThread) [custom_components.rss_podcast_journal] Finished fetching rss_podcast_journal data in 0.231 seconds (success: True)[0m
[36m2026-08-14 06:42:46.045 DEBUG (MainThread) [custom_components.rss_podcast_journal] Finished fetching rss_podcast_journal data in 0.102 seconds (success: True)[0m
[36m2026-08-14 07:12:46.113 DEBUG (MainThread) [custom_components.rss_podcast_journal] Finished fetching rss_podcast_journal data in 0.194 seconds (success: True)[0m
[36m2026-08-14 07:42:47.094 DEBUG (MainThread) [custom_components.rss_podcast_journal] Finished fetching rss_podcast_journal data in 1.152 seconds (success: True)[0m
[36m2026-08-14 08:12:47.147 DEBUG (MainThread) [custom_components.rss_podcast_journal] Finished fetching rss_podcast_journal data in 0.155 seconds (success: True)[0m
[36m2026-08-14 08:42:47.208 DEBUG (MainThread) [custom_components.rss_podcast_journal] Finished fetching rss_podcast_journal data in 0.246 seconds (success: True)[0m
[36m2026-08-14 09:12:47.053 DEBUG (MainThread) [custom_components.rss_podcast_journal] Finished fetching rss_podcast_journal data in 0.119 seconds (success: True)[0m
[36m2026-08-14 09:42:47.088 DEBUG (MainThread) [custom_components.rss_podcast_journal] Finished fetching rss_podcast_journal data in 0.150 seconds (success: True)[0m
[36m2026-08-14 10:12:47.098 DEBUG (MainThread) [custom_components.rss_podcast_journal] Finished fetching rss_podcast_journal data in 0.158 seconds (success: True)[0m
[36m2026-08-14 10:42:47.150 DEBUG (MainThread) [custom_components.rss_podcast_journal] Finished fetching rss_podcast_journal data in 0.181 seconds (success: True)[0m
[36m2026-08-14 11:12:47.119 DEBUG (MainThread) [custom_components.rss_podcast_journal] Finished fetching rss_podcast_journal data in 0.141 seconds (success: True)[0m
[36m2026-08-14 11:42:47.072 DEBUG (MainThread) [custom_components.rss_podcast_journal] Finished fetching rss_podcast_journal data in 0.123 seconds (success: True)[0m
[36m2026-08-14 12:12:47.149 DEBUG (MainThread) [custom_components.rss_podcast_journal] Finished fetching rss_podcast_journal data in 0.210 seconds (success: True)[0m
[36m2026-08-14 12:42:47.072 DEBUG (MainThread) [custom_components.rss_podcast_journal] Finished fetching rss_podcast_journal data in 0.104 seconds (success: True)[0m
[36m2026-08-14 13:12:47.201 DEBUG (MainThread) [custom_components.rss_podcast_journal] Finished fetching rss_podcast_journal data in 0.198 seconds (success: True)[0m
[36m2026-08-14 13:42:47.132 DEBUG (MainThread) [custom_components.rss_podcast_journal] Finished fetching rss_podcast_journal data in 0.128 seconds (success: True)[0m
[36m2026-08-14 14:12:47.085 DEBUG (MainThread) [custom_components.rss_podcast_journal] Finished fetching rss_podcast_journal data in 0.092 seconds (success: True)[0m
[36m2026-08-14 14:42:47.161 DEBUG (MainThread) [custom_components.rss_podcast_journal] Finished fetching rss_podcast_journal data in 0.129 seconds (success: True)[0m
[36m2026-08-14 15:12:47.126 DEBUG (MainThread) [custom_components.rss_podcast_journal] Finished fetching rss_podcast_journal data in 0.106 seconds (success: True)[0m
[36m2026-08-14 15:42:47.103 DEBUG (MainThread) [custom_components.rss_podcast_journal] Finished fetching rss_podcast_journal data in 0.077 seconds (success: True)[0m
[36m2026-08-14 16:12:47.126 DEBUG (MainThread) [custom_components.rss_podcast_journal] Finished fetching rss_podcast_journal data in 0.099 seconds (success: True)[0m
[36m2026-08-14 16:42:47.201 DEBUG (MainThread) [custom_components.rss_podcast_journal] Finished fetching rss_podcast_journal data in 0.211 seconds (success: True)[0m
[36m2026-08-14 17:12:47.236 DEBUG (MainThread) [custom_components.rss_podcast_journal] Finished fetching rss_podcast_journal data in 0.215 seconds (success: True)[0m
[36m2026-08-14 17:42:47.261 DEBUG (MainThread) [custom_components.rss_podcast_journal] Finished fetching rss_podcast_journal data in 0.231 seconds (success: True)[0m
[36m2026-08-14 18:12:47.209 DEBUG (MainThread) [custom_components.rss_podcast_journal] Finished fetching rss_podcast_journal data in 0.210 seconds (success: True)[0m
[36m2026-08-14 18:42:47.103 DEBUG (MainThread) [custom_components.rss_podcast_journal] Finished fetching rss_podcast_journal data in 0.125 seconds (success: True)[0m
[36m2026-08-14 19:12:48.295 DEBUG (MainThread) [custom_components.rss_podcast_journal] Finished fetching rss_podcast_journal data in 1.262 seconds (success: True)[0m
[36m2026-08-14 19:42:48.323 DEBUG (MainThread) [custom_components.rss_podcast_journal] Finished fetching rss_podcast_journal data in 0.280 seconds (success: True)[0m
[36m2026-08-14 20:12:48.162 DEBUG (MainThread) [custom_components.rss_podcast_journal] Finished fetching rss_podcast_journal data in 0.151 seconds (success: True)[0m
[36m2026-08-14 20:42:48.098 DEBUG (MainThread) [custom_components.rss_podcast_journal] Finished fetching rss_podcast_journal data in 0.095 seconds (success: True)[0m
[36m2026-08-14 21:12:48.233 DEBUG (MainThread) [custom_components.rss_podcast_journal] Finished fetching rss_podcast_journal data in 0.183 seconds (success: True)[0m
[36m2026-08-14 21:42:48.111 DEBUG (MainThread) [custom_components.rss_podcast_journal] Finished fetching rss_podcast_journal data in 0.086 seconds (success: True)[0m
[36m2026-08-14 22:12:49.671 DEBUG (MainThread) [custom_components.rss_podcast_journal] Finished fetching rss_podcast_journal data in 1.657 seconds (success: True)[0m
[36m2026-08-14 22:42:50.506 DEBUG (MainThread) [custom_components.rss_podcast_journal] Finished fetching rss_podcast_journal data in 1.441 seconds (success: True)[0m
[36m2026-08-14 23:12:51.581 DEBUG (MainThread) [custom_components.rss_podcast_journal] Finished fetching rss_podcast_journal data in 1.504 seconds (success: True)[0m
[36m2026-08-14 23:42:52.664 DEBUG (MainThread) [custom_components.rss_podcast_journal] Finished fetching rss_podcast_journal data in 1.620 seconds (success: True)[0m
[36m2026-08-15 00:12:53.775 DEBUG (MainThread) [custom_components.rss_podcast_journal] Finished fetching rss_podcast_journal data in 1.749 seconds (success: True)[0m
[36m2026-08-15 00:42:53.616 DEBUG (MainThread) [custom_components.rss_podcast_journal] Finished fetching rss_podcast_journal data in 0.581 seconds (success: True)[0m
[36m2026-08-15 01:12:53.358 DEBUG (MainThread) [custom_components.rss_podcast_journal] Finished fetching rss_podcast_journal data in 0.318 seconds (success: True)[0m
[36m2026-08-15 01:42:53.434 DEBUG (MainThread) [custom_components.rss_podcast_journal] Finished fetching rss_podcast_journal data in 0.354 seconds (success: True)[0m
[36m2026-08-15 02:12:53.264 DEBUG (MainThread) [custom_components.rss_podcast_journal] Finished fetching rss_podcast_journal data in 0.158 seconds (success: True)[0m
[36m2026-08-15 02:42:53.262 DEBUG (MainThread) [custom_components.rss_podcast_journal] Finished fetching rss_podcast_journal data in 0.141 seconds (success: True)[0m
[36m2026-08-15 03:12:53.429 DEBUG (MainThread) [custom_components.rss_podcast_journal] Finished fetching rss_podcast_journal data in 0.332 seconds (success: True)[0m
[36m2026-08-15 03:42:53.310 DEBUG (MainThread) [custom_components.rss_podcast_journal] Finished fetching rss_podcast_journal data in 0.208 seconds (success: True)[0m
[36m2026-08-15 04:12:53.210 DEBUG (MainThread) [custom_components.rss_podcast_journal] Finished fetching rss_podcast_journal data in 0.209 seconds (success: True)[0m
[36m2026-08-15 04:42:53.136 DEBUG (MainThread) [custom_components.rss_podcast_journal] Finished fetching rss_podcast_journal data in 0.140 seconds (success: True)[0m
[36m2026-08-15 05:12:53.347 DEBUG (MainThread) [custom_components.rss_podcast_journal] Finished fetching rss_podcast_journal data in 0.287 seconds (success: True)[0m
